"user_id";"username";"password";"role";"created_at"
1;"ceddicott0";"rB9#Jfa|'Pm";"Cashier";"2020-11-23 00:00:00"
2;"amargaritelli1";"kK8)#gh/_8sQ";"Cashier";"2021-10-13 00:00:00"
3;"mborleace2";"sZ3?c1)HtD";"Admin";"2020-08-30 00:00:00"
4;"jreed3";"dV9|lgkfd";"Cashier";"2020-11-18 00:00:00"
5;"sberre4";"cM6.q$H0?";"Cashier";"2021-07-04 00:00:00"
6;"avanmerwe5";"oA5&u)55@";"Cashier";"2021-09-20 00:00:00"
7;"jchuck6";"aO4`,I#8<EH!SGF";"Admin";"2020-06-26 00:00:00"
8;"rapplegarth7";"nC7!>7Iuibh";"Admin";"2020-09-08 00:00:00"
9;"erobbel8";"iO5,ex*szF?@#p";"Cashier";"2021-10-28 00:00:00"
10;"gchetham9";"mJ7_4h{.$Mli~bwy";"Admin";"2020-08-10 00:00:00"
11;"jsurguinea";"pR7""~$""""q<""";"Cashier";"2020-10-14 00:00:00"
12;"mbrodeaub";"fC4((tNR$}r}";"Admin";"2020-06-23 00:00:00"
13;"pmbarronc";"rE3)uh}gRa*O";"Admin";"2021-02-01 00:00:00"
14;"tkybertd";"tV0?V#<tnq";"Cashier";"2020-09-15 00:00:00"
15;"jscritche";"eQ7/d2<F6X\oCH_";"Admin";"2021-10-19 00:00:00"
16;"acolstonf";"rM0{'!G=0u(u5b'3";"Cashier";"2020-09-27 00:00:00"
17;"jpennellsg";"qU9,o/0>";"Cashier";"2021-05-15 00:00:00"
18;"vcominoh";"bK5*hnOo6!40";"Admin";"2020-05-14 00:00:00"
19;"bcopcutti";"lI2$LC""kiY9V>2e""";"Admin";"2021-02-12 00:00:00"
20;"adreigherj";"yO8*6awSpb+v";"Cashier";"2020-10-18 00:00:00"
21;"bambresink";"uQ7=(*s*|GZrKni";"Admin";"2020-05-14 00:00:00"
22;"sbellissl";"uS3$\#A2s";"Cashier";"2020-04-04 00:00:00"
23;"challiburtonm";"wD2(T1.u/B`BJm";"Admin";"2020-08-14 00:00:00"
24;"mdietzlern";"zK4~0<zC`pX";"Admin";"2020-12-07 00:00:00"
25;"hokennyo";"eI3""~c1cg(Q+W""";"Admin";"2021-03-26 00:00:00"
26;"pchurchlowp";"nV3""`/%&<""";"Admin";"2021-04-02 00:00:00"
27;"oallflattq";"uA4?8Z.?_'b";"Cashier";"2020-09-30 00:00:00"
28;"qpresnallr";"aA2#HAPoPjvcF";"Cashier";"2020-06-19 00:00:00"
29;"choulahans";"qS5@V%g3JL&|/gdO";"Admin";"2020-12-05 00:00:00"
30;"lantoniot";"cK5%mEIPS6uT1";"Admin";"2021-08-17 00:00:00"
31;"yeldredu";"wQ1\bL)n2vp";"Cashier";"2020-12-23 00:00:00"
32;"lbertomev";"gD0,=cj3(0kE&CO";"Cashier";"2021-10-06 00:00:00"
33;"mdagnanw";"rE1)nWpgzZ!F~x";"Cashier";"2020-04-03 00:00:00"
34;"tgaberx";"tP0<OA>x6j";"Admin";"2020-05-26 00:00:00"
35;"pvinicky";"nA5@_duzN?";"Admin";"2021-01-06 00:00:00"
36;"llohrensenz";"dE8$vT`t.n";"Admin";"2021-01-08 00:00:00"
37;"gtafani10";"vT4@}sCa0";"Cashier";"2021-08-09 00:00:00"
38;"afrankcom11";"yR6|7WI5e/~h0sxn";"Cashier";"2020-12-09 00:00:00"
39;"ldrewet12";"jF1\vLQ/";"Cashier";"2020-07-30 00:00:00"
40;"bmckendo13";"wE2>""_i)""";"Cashier";"2021-05-16 00:00:00"
41;"bteather14";"aL6&tA?htt<7e<2*";"Cashier";"2021-04-05 00:00:00"
42;"hcurm15";"rZ6,lBvn?N%'";"Admin";"2020-11-14 00:00:00"
43;"abirrel16";"pP5>`yie8yA";"Admin";"2020-04-19 00:00:00"
44;"lcarder17";"aR3""!#ng""";"Cashier";"2021-11-04 00:00:00"
45;"eheisler18";"bJ5@#g!%4,cni/?.";"Cashier";"2020-11-07 00:00:00"
46;"nbricket19";"gS5*2359%1j+7CAH";"Admin";"2021-09-29 00:00:00"
47;"bagney1a";"bJ0=g\@Ie41pFVJd";"Cashier";"2021-10-09 00:00:00"
48;"erookesby1b";"iN6+4obam>6?nT|l";"Admin";"2020-11-10 00:00:00"
49;"kfortoun1c";"nD5+SRO*)";"Cashier";"2021-05-28 00:00:00"
50;"dcurcher1d";"lP5_GV?$st,~<H,4";"Admin";"2021-03-19 00:00:00"
51;"umccrie1e";"uW2\I#_/bv6l10";"Admin";"2020-05-05 00:00:00"
52;"jsantarelli1f";"jQ7\4Vmo`ctNC1Nt";"Cashier";"2021-10-24 00:00:00"
53;"sreiner1g";"dI9$Z\r'JH\,W1";"Cashier";"2020-11-27 00:00:00"
54;"wabilowitz1h";"gV9.7gO`wl";"Admin";"2021-03-29 00:00:00"
55;"cgajownik1i";"kX7#gm=K6yR'gQ""""";"Cashier";"2021-04-28 00:00:00"
56;"ejemmett1j";"pY5#pk{&Tf{9Ht+n";"Cashier";"2020-06-08 00:00:00"
57;"akermit1k";"pV8.,1{&G`";"Cashier";"2020-04-09 00:00:00"
58;"gdmych1l";"xX6&24VeU/lt";"Admin";"2021-04-24 00:00:00"
59;"diacomi1m";"hL8)P?/ZUk\5";"Admin";"2020-10-23 00:00:00"
60;"obondesen1n";"gJ8+GL0N/1q3\";"Cashier";"2020-10-19 00:00:00"
61;"thachard1o";"hP5,Q6#OikRb$6?m";"Cashier";"2020-09-06 00:00:00"
62;"gelwel1p";"vV5,dh)R<";"Cashier";"2020-04-03 00:00:00"
63;"jscimoni1q";"bE6`!,9Jy@CdH$$";"Admin";"2020-11-07 00:00:00"
64;"brembaud1r";"gI8?O=Lk1";"Admin";"2021-10-12 00:00:00"
65;"pludwig1s";"bC8?)&eD{ub";"Admin";"2021-07-21 00:00:00"
66;"jronald1t";"gN0~v(V47=i";"Admin";"2020-11-10 00:00:00"
67;"kmctague1u";"zO3{w!1Dw{U";"Cashier";"2020-06-15 00:00:00"
68;"mlyness1v";"tL1>CLX`HC";"Cashier";"2020-03-14 00:00:00"
69;"aadamsson1w";"lL8!!%{SK""@""";"Cashier";"2020-04-02 00:00:00"
70;"hmullaney1x";"fZ1<@tY,1Qz";"Cashier";"2021-02-16 00:00:00"
71;"dannakin1y";"bU7@e}{cl4aG";"Cashier";"2020-10-29 00:00:00"
72;"fshawe1z";"nU0=tAlqv_=kJERp";"Admin";"2020-08-05 00:00:00"
73;"nalchin20";"vZ4>)@BMxI";"Cashier";"2020-11-08 00:00:00"
74;"gwyllis21";"aX0<_@E"".NM""";"Cashier";"2021-11-04 00:00:00"
75;"prodenhurst22";"hY8|13ABp";"Cashier";"2021-08-05 00:00:00"
76;"lcallaway23";"gJ2/""gzOuoxcc~0""";"Admin";"2020-03-16 00:00:00"
77;"hleverett24";"tT4`G=nY""q""";"Admin";"2020-09-09 00:00:00"
78;"zpaoli25";"hY2{7(iN_S";"Cashier";"2021-10-27 00:00:00"
79;"dtaborre26";"iX8)4XN4(Nt\W";"Cashier";"2021-09-15 00:00:00"
80;"hvigurs27";"eO8*+yS6R#b5Q6";"Admin";"2020-09-14 00:00:00"
81;"kheaviside28";"vV4<3E%>Irm";"Cashier";"2021-03-05 00:00:00"
82;"ncharman29";"oB0&i)#8";"Cashier";"2020-12-01 00:00:00"
83;"llarratt2a";"qX7}Y!b8N|>";"Cashier";"2021-02-24 00:00:00"
84;"fwalkinshaw2b";"wE5\7g0Q?";"Cashier";"2020-08-25 00:00:00"
85;"eissit2c";"gV0$ESsb+";"Admin";"2021-01-20 00:00:00"
86;"rcaldero2d";"fF5,J?h?zo}rJhpu";"Admin";"2021-06-17 00:00:00"
87;"grishworth2e";"lC5!'evNNPl\0~";"Cashier";"2021-08-13 00:00:00"
88;"jbacksal2f";"bD3`3dH{Gv}Ple";"Cashier";"2021-03-14 00:00:00"
89;"rsadry2g";"oQ7&),unh(,)dMq";"Cashier";"2020-08-06 00:00:00"
90;"cabrashkov2h";"eF4|8RY)hBY`!";"Cashier";"2021-01-15 00:00:00"
91;"pedelman2i";"gD3_HG$0c";"Admin";"2020-08-27 00:00:00"
92;"vburwood2j";"aS7|5cKlfQ5";"Cashier";"2020-06-03 00:00:00"
93;"ecelez2k";"mN5%#""jU""";"Admin";"2021-02-24 00:00:00"
94;"aspray2l";"cC2=Yd*WrDZ8L&";"Cashier";"2020-08-15 00:00:00"
95;"apennino2m";"xU5)oc!B4x(716d<";"Cashier";"2020-04-11 00:00:00"
96;"sraddenbury2n";"tZ9""qBkIT<U~tu""";"Admin";"2020-05-22 00:00:00"
97;"dschimon2o";"tW8(IDk,";"Cashier";"2021-05-13 00:00:00"
98;"mtuohy2p";"oB8&q*~QR";"Admin";"2021-01-06 00:00:00"
99;"eshepard2q";"nI5>Ykv&";"Admin";"2020-11-19 00:00:00"
100;"uparris2r";"gW5/UTK/e|cp$?Zw";"Cashier";"2021-05-05 00:00:00"
101;"mtorrecilla2s";"hS1~r`+.l";"Cashier";"2020-11-16 00:00:00"
102;"gstute2t";"hP3}=9=/8?/";"Admin";"2020-07-08 00:00:00"
103;"kmacscherie2u";"hQ1!<lEe<R";"Admin";"2020-08-10 00:00:00"
104;"tguilbert2v";"yN3/&#sEaQQOhO";"Cashier";"2020-11-07 00:00:00"
105;"sdillow2w";"sL1@(Rs'";"Admin";"2020-02-17 00:00:00"
106;"gschooling2x";"xW9?KOhsjSo";"Cashier";"2021-06-14 00:00:00"
107;"pconiam2y";"bJ6?{Yj'H~(k";"Admin";"2021-09-28 00:00:00"
108;"fbiggerdike2z";"uA1""LgXc=t""";"Cashier";"2020-03-02 00:00:00"
109;"cdudill30";"cK5,5,m`";"Admin";"2020-08-07 00:00:00"
110;"scapron31";"eB4{?p{!Oo,?x@08";"Cashier";"2020-11-07 00:00:00"
111;"fmcaline32";"hV2.iOfq";"Admin";"2021-05-01 00:00:00"
112;"kkinkaid33";"vG3)V20{";"Cashier";"2021-10-06 00:00:00"
113;"bmilburn34";"tF2!S8P_0_";"Admin";"2021-10-01 00:00:00"
114;"dcollcott35";"nV5{AR%SEDJ+<0C";"Cashier";"2020-02-16 00:00:00"
115;"faltamirano36";"qC8~(*1V728<";"Admin";"2021-03-31 00:00:00"
116;"emcgrane37";"fX9_,Q`2v_ZWGmU";"Admin";"2020-11-30 00:00:00"
117;"mjellico38";"oB1@z,BWlEThr@5";"Cashier";"2020-10-19 00:00:00"
118;"pmandifield39";"lH6#ubN>""""";"Admin";"2020-03-30 00:00:00"
119;"amacfall3a";"cB0*$9@C$'M6g_xt";"Cashier";"2020-10-08 00:00:00"
120;"cgentsch3b";"jS7>a<I""O.6{mH4Z""";"Admin";"2021-08-10 00:00:00"
121;"mklinck3c";"rA0}n+c6L'=Ay.";"Cashier";"2020-06-14 00:00:00"
122;"ncaunce3d";"cD4&@ZgeS&/OMG>";"Cashier";"2020-07-02 00:00:00"
123;"ajohnson3e";"lF7?7WM%r_<";"Cashier";"2021-05-17 00:00:00"
124;"nbrewer3f";"sA8_x_$u0/)|""V0\""";"Admin";"2020-04-25 00:00:00"
125;"msoar3g";"zY1%vD~61R70";"Cashier";"2020-06-17 00:00:00"
126;"dhughes3h";"iM1,Ppr}(h/L~PCv";"Cashier";"2021-07-20 00:00:00"
127;"kmangam3i";"aR6|Y5IUipN";"Admin";"2020-11-18 00:00:00"
128;"gbrumhead3j";"bA5+r2a#";"Cashier";"2020-04-25 00:00:00"
129;"esimkin3k";"gT1,&Bqq*ehu%";"Cashier";"2021-04-14 00:00:00"
130;"pleaf3l";"iL7<Unq(P>.?Q6P";"Admin";"2020-11-27 00:00:00"
131;"lpeare3m";"nG9*@GgbP""tFSj""";"Cashier";"2020-04-23 00:00:00"
132;"mfundell3n";"iP9~V\f.VxiE}Fb";"Admin";"2021-03-27 00:00:00"
133;"dkimmel3o";"pS0'5pQp,RjEDH4";"Cashier";"2021-05-01 00:00:00"
134;"scartwight3p";"rU7\3H$Y/x,l";"Cashier";"2021-07-24 00:00:00"
135;"gcazin3q";"zN6(XUMNj*'E$W";"Admin";"2020-09-10 00:00:00"
136;"omacalester3r";"nX7,F)*Ymy";"Admin";"2020-03-25 00:00:00"
137;"padamolli3s";"gW1&ze0F*";"Cashier";"2020-07-11 00:00:00"
138;"alevick3t";"jJ3=@B~_Dnla4Z";"Cashier";"2020-10-01 00:00:00"
139;"btimbs3u";"nW5/b9c=";"Admin";"2020-06-25 00:00:00"
140;"askate3v";"oW2#7I7T%";"Admin";"2021-02-01 00:00:00"
141;"lfigura3w";"tT9!IqxIG}H";"Admin";"2021-04-11 00:00:00"
142;"tmelby3x";"bA5%v<VQ!?8";"Admin";"2020-09-04 00:00:00"
143;"mnolot3y";"oB9~=vqc7r3";"Cashier";"2020-09-20 00:00:00"
144;"afallen3z";"eM4%+n09H'8sQ,8";"Admin";"2020-04-21 00:00:00"
145;"tborzoni40";"oX8#XWw<DY?";"Admin";"2021-08-30 00:00:00"
146;"nhaseman41";"eJ9%kP(j)";"Cashier";"2021-04-29 00:00:00"
147;"ataplin42";"jO6+r_Jw";"Cashier";"2020-09-27 00:00:00"
148;"sbreeton43";"lO6<ZB)wig3~H";"Cashier";"2021-10-04 00:00:00"
149;"djira44";"eA0,d{8&PL{9E";"Admin";"2021-01-03 00:00:00"
150;"ncorkish45";"pV3\xt)a5#|Gk";"Admin";"2021-08-24 00:00:00"
151;"mkuller46";"yP2<cO3~kS'F$>";"Admin";"2021-05-20 00:00:00"
152;"pmerry47";"pC9})E*3`<j";"Cashier";"2020-04-16 00:00:00"
153;"ldebney48";"eA7""G{Uo""""?TVR6s""";"Admin";"2021-04-29 00:00:00"
154;"mgethyn49";"iM4@~4}gby#";"Admin";"2020-05-04 00:00:00"
155;"cstirgess4a";"aU4\F2u*""gU_f=Z9""";"Cashier";"2021-08-17 00:00:00"
156;"cricardot4b";"kV0(m2A7uk<}4G/r";"Admin";"2020-06-25 00:00:00"
157;"mmerwe4c";"wA3?Yli_kFb_Q(Me";"Cashier";"2020-02-29 00:00:00"
158;"alusk4d";"xF5.*_|q{/BL$b*";"Admin";"2021-04-04 00:00:00"
159;"glinnett4e";"mN1_zLcFi8+5p,w";"Cashier";"2020-05-18 00:00:00"
160;"ogosker4f";"cD6),\On";"Admin";"2020-03-30 00:00:00"
161;"jmeanwell4g";"pC6.lA>8*r(8,W7|";"Cashier";"2020-07-26 00:00:00"
162;"rickowics4h";"dB9{Tr.QADQ";"Admin";"2020-09-05 00:00:00"
163;"ccrambie4i";"nS7`)@\J";"Cashier";"2020-08-18 00:00:00"
164;"jtomsen4j";"iO9+rYiS'xWc";"Admin";"2021-10-08 00:00:00"
165;"tizchaki4k";"kB3,)yTH*v@f";"Cashier";"2020-06-14 00:00:00"
166;"chaney4l";"aO1%V7XazKDR";"Admin";"2020-06-05 00:00:00"
167;"dmacneish4m";"cN5@J$nw";"Cashier";"2020-04-13 00:00:00"
168;"dscarsbrook4n";"uK4|jYq,IQFct*""""";"Admin";"2021-04-21 00:00:00"
169;"bburchfield4o";"zE6\O/<rV>W";"Admin";"2021-04-04 00:00:00"
170;"amcfie4p";"aK2+'Pw!";"Cashier";"2021-04-04 00:00:00"
171;"jneames4q";"bG2.2gKuC=FR";"Cashier";"2020-08-20 00:00:00"
172;"ldanslow4r";"mR0<!E%zko";"Admin";"2020-07-08 00:00:00"
173;"hbartot4s";"rD6\G$2#u)#";"Cashier";"2021-04-06 00:00:00"
174;"lhrus4t";"jP3(BQp9$AJk";"Admin";"2021-03-31 00:00:00"
175;"ehuggen4u";"lM6*9&1@%Zmu_";"Cashier";"2020-04-24 00:00:00"
176;"ksampey4v";"bC6'yZaW'y";"Cashier";"2020-03-28 00:00:00"
177;"cmoggie4w";"vJ8$DGCeW3";"Admin";"2020-08-11 00:00:00"
178;"tdelayglesia4x";"sJ1#@3~*W";"Cashier";"2020-08-23 00:00:00"
179;"fdavy4y";"nI1%hx@~";"Cashier";"2020-08-14 00:00:00"
180;"hstedman4z";"hM9$zHHgJI@'Kt@";"Cashier";"2020-06-12 00:00:00"
181;"gmomford50";"tG5}#.\B{";"Cashier";"2020-10-01 00:00:00"
182;"blabbet51";"fB5_kJ3MU9";"Cashier";"2021-03-15 00:00:00"
183;"efarndale52";"fH5)~\?xR_hpTm";"Cashier";"2021-02-09 00:00:00"
184;"eshenfisch53";"pD5'ZVaMyrw`A";"Admin";"2021-10-12 00:00:00"
185;"ssweetman54";"uA3$I+LY";"Cashier";"2020-09-14 00:00:00"
186;"eroycraft55";"gS5|Ss~6<4hUYqa";"Admin";"2020-10-13 00:00:00"
187;"gales56";"nG2>}YD>.wNF*}+f";"Admin";"2021-06-14 00:00:00"
188;"crembrant57";"qO6?@MLZJ";"Admin";"2020-03-31 00:00:00"
189;"gkovelmann58";"oU9~omZ{'Ii";"Admin";"2020-05-14 00:00:00"
190;"amichelle59";"yV7/$q?1*nI@)ev&";"Cashier";"2020-08-08 00:00:00"
191;"cmcghee5a";"rD5""dy!!.""";"Admin";"2020-11-03 00:00:00"
192;"hreiner5b";"sR7}glrCcZu72}";"Admin";"2020-11-17 00:00:00"
193;"akochl5c";"rT6?)i@9WvNv?P";"Admin";"2020-08-24 00:00:00"
194;"tcharopen5d";"bX2!gAK@7YASbO";"Admin";"2020-06-16 00:00:00"
195;"garchdeckne5e";"cD0/~qgLMQ";"Admin";"2021-06-28 00:00:00"
196;"jhefford5f";"tI6>9Q9NaH";"Cashier";"2021-04-24 00:00:00"
197;"grogeon5g";"aV7@WCrX}r!DU";"Cashier";"2020-09-20 00:00:00"
198;"ntomson5h";"wZ8@L2zqW";"Cashier";"2020-04-06 00:00:00"
199;"pcordero5i";"xH2/<sWQO,>*42J";"Admin";"2020-08-28 00:00:00"
200;"mgierardi5j";"eD8/A24J";"Cashier";"2021-04-20 00:00:00"
201;"tsilverman5k";"jI1(GI*8#~4";"Cashier";"2020-04-07 00:00:00"
202;"jgallico5l";"uF7'j+1OkJ";"Admin";"2021-01-13 00:00:00"
203;"icalder5m";"eT5?784gAX_sIf";"Cashier";"2020-08-06 00:00:00"
204;"fdomingues5n";"fM7'd1#n_OTY*tv1";"Admin";"2020-04-09 00:00:00"
205;"csalvatore5o";"wB1_Tq8h'ar?Gp";"Admin";"2020-05-25 00:00:00"
206;"toakinfold5p";"sT3\w*H2}uf(fNq";"Admin";"2020-03-10 00:00:00"
207;"dvigus5q";"oU1*AYklyG`n";"Admin";"2020-10-31 00:00:00"
208;"lheyburn5r";"dY2&%1Vf2}\r";"Admin";"2020-09-01 00:00:00"
209;"tseares5s";"fL1`m6Sm)";"Admin";"2020-07-22 00:00:00"
210;"fdennick5t";"pW3+HRdtV(1JE*r";"Cashier";"2021-09-27 00:00:00"
211;"wstrooband5u";"qB8)=uWu";"Cashier";"2021-09-09 00:00:00"
212;"rpennuzzi5v";"fA9*su}4x~39";"Admin";"2021-08-04 00:00:00"
213;"ghaselhurst5w";"fS7<Dmp|";"Cashier";"2020-10-14 00:00:00"
214;"ogillis5x";"kX6,x_`qbq%H";"Cashier";"2020-03-06 00:00:00"
215;"kscorthorne5y";"kZ7'""iJKG1K8bF<""";"Cashier";"2020-04-17 00:00:00"
216;"pmcguckin5z";"aM6{)/&4";"Cashier";"2021-01-27 00:00:00"
217;"cwayne60";"gS7>B=pd";"Cashier";"2020-06-02 00:00:00"
218;"lwotherspoon61";"oR6""6a@eC""";"Admin";"2020-10-13 00:00:00"
219;"scogar62";"yS4\IBJA>FU8";"Cashier";"2021-07-28 00:00:00"
220;"ctennewell63";"kY5.XP5eWlc/1";"Admin";"2020-12-13 00:00:00"
221;"rshobbrook64";"dJ0/f+sTo5ykvc8";"Admin";"2020-11-21 00:00:00"
222;"mskiplorne65";"hL2<5@+G61'";"Cashier";"2020-12-19 00:00:00"
223;"fstaig66";"fN7+Iy=)w{dI";"Cashier";"2021-08-30 00:00:00"
224;"nhullot67";"iO3/ozJ=y";"Cashier";"2021-03-28 00:00:00"
225;"ipalfery68";"wM5.@L&'<!~";"Admin";"2021-07-28 00:00:00"
226;"jgabits69";"hR0$I*RTAEID";"Cashier";"2021-10-18 00:00:00"
227;"dfarnorth6a";"eC4/X<(Za2R";"Cashier";"2020-11-19 00:00:00"
228;"ctorbard6b";"hB3!{>A/c*_F}~W";"Admin";"2021-10-11 00:00:00"
229;"tqueree6c";"lJ8<HnTl(5`";"Admin";"2020-06-14 00:00:00"
230;"apendlenton6d";"dS9$rxSCN,*1T";"Admin";"2020-07-02 00:00:00"
231;"elubbock6e";"tQ6?JX's&";"Admin";"2021-03-17 00:00:00"
232;"kearland6f";"mJ0<MR}`y";"Admin";"2021-07-18 00:00:00"
233;"nkundert6g";"aT4&/b|Tp0q4M";"Cashier";"2021-03-19 00:00:00"
234;"bguerriero6h";"oS2{irN<(dx<";"Admin";"2020-03-07 00:00:00"
235;"elesaunier6i";"lX5_Rl`,Ih";"Cashier";"2020-09-10 00:00:00"
236;"hdambrogio6j";"dZ8#AHD3v1y""gJ)9""";"Admin";"2021-09-06 00:00:00"
237;"jallchorne6k";"xH1=kDP{+`";"Admin";"2021-04-13 00:00:00"
238;"jstanway6l";"zC2`Wg07k1=.U/i";"Cashier";"2021-10-24 00:00:00"
239;"mronisch6m";"cT1~(GY!5J,";"Admin";"2020-08-05 00:00:00"
240;"jgohn6n";"eH5=c4?.z";"Cashier";"2021-01-26 00:00:00"
241;"scorben6o";"bW0*'jKx)6&Qc#Q";"Cashier";"2020-03-23 00:00:00"
242;"glenaghen6p";"mU8+&kMZq~48$tcZ";"Admin";"2021-03-27 00:00:00"
243;"blumby6q";"tG7)B&og}~J$X2Ak";"Cashier";"2020-07-26 00:00:00"
244;"ablockey6r";"vZ3\mC0/lZBbr~Z#";"Cashier";"2020-04-06 00:00:00"
245;"usorey6s";"hY8&$7j|K*P4Isu";"Admin";"2021-02-15 00:00:00"
246;"asleicht6t";"dG2@K+d""/@""";"Cashier";"2020-04-09 00:00:00"
247;"dcaton6u";"dG4{\Q`d7z";"Cashier";"2020-06-03 00:00:00"
248;"aashelford6v";"hL3=feG\Gk*g(";"Cashier";"2020-09-11 00:00:00"
249;"mcosten6w";"sM9<pYuuBnE";"Admin";"2020-10-07 00:00:00"
250;"ecutten6x";"lE5`&OD*528u1{";"Admin";"2021-03-19 00:00:00"
251;"eelsmore6y";"zE8<?$P9XIbe351H";"Admin";"2021-02-05 00:00:00"
252;"amccraine6z";"rC7&eg`M";"Cashier";"2020-05-17 00:00:00"
253;"nife70";"qV5&.`sIel_g";"Cashier";"2020-11-09 00:00:00"
254;"tiskow71";"qY5#Pyz,c";"Cashier";"2021-08-23 00:00:00"
255;"ebickerton72";"vO3*@$""6g*""";"Admin";"2021-06-17 00:00:00"
256;"aaylwin73";"fE8$s$l""|w""";"Admin";"2020-12-06 00:00:00"
257;"jlintin74";"cG6#FyTQ{'yK";"Cashier";"2020-03-19 00:00:00"
258;"eworpole75";"uG1~o9QQ";"Admin";"2021-01-25 00:00:00"
259;"lautin76";"qP1%3m7U";"Admin";"2021-09-24 00:00:00"
260;"gsporgeon77";"qM3)!4\riX@zXH";"Cashier";"2021-04-06 00:00:00"
261;"fspillett78";"xR0)wmG7";"Cashier";"2021-05-21 00:00:00"
262;"blabrenz79";"aR3*VHqNn7Y";"Admin";"2020-09-28 00:00:00"
263;"idagleas7a";"eE6(AlJ{";"Cashier";"2020-07-18 00:00:00"
264;"jscholte7b";"dA2=p~B0$aK";"Cashier";"2020-10-21 00:00:00"
265;"gabrahamsson7c";"lW0|j=`8";"Cashier";"2020-07-02 00:00:00"
266;"rwhiteford7d";"eM5*%ekWA";"Cashier";"2021-07-29 00:00:00"
267;"cpoyner7e";"fA9'rJ}QqRd";"Admin";"2021-09-08 00:00:00"
268;"otwidale7f";"mQ5(PFYl";"Cashier";"2020-11-13 00:00:00"
269;"bgilcriest7g";"iB3`&b,(MS";"Admin";"2021-01-30 00:00:00"
270;"rglentworth7h";"sG1*d=bI`""yqnav""";"Cashier";"2020-06-29 00:00:00"
271;"wrennolds7i";"aV8.6+pP(";"Admin";"2021-01-17 00:00:00"
272;"ucockram7j";"cY2_q3(z.>R";"Cashier";"2021-04-05 00:00:00"
273;"ebrabin7k";"yL2(5MNat#s/yTO";"Admin";"2021-04-23 00:00:00"
274;"spopeley7l";"oR5""~WH>{""";"Cashier";"2020-12-14 00:00:00"
275;"bbramhall7m";"kJ3/l.S{C`aH29";"Admin";"2020-06-01 00:00:00"
276;"amcnair7n";"nU1%~ALP";"Admin";"2020-11-13 00:00:00"
277;"iduckers7o";"cO0#2ihq+`~$";"Cashier";"2021-06-25 00:00:00"
278;"aventom7p";"bC9=8t9ro.xL2k";"Cashier";"2020-03-21 00:00:00"
279;"jcorter7q";"zJ1+ohbb(W>i";"Admin";"2021-08-06 00:00:00"
280;"sgoggey7r";"bA2}G}IBoy7Gh";"Admin";"2020-08-01 00:00:00"
281;"hbrudenell7s";"tV5<qei#R*eJ,C%";"Admin";"2021-03-03 00:00:00"
282;"crunsey7t";"yG2}KN_1AJfi(";"Admin";"2020-04-11 00:00:00"
283;"htollemache7u";"kO3@xj$qdclHW";"Cashier";"2020-12-09 00:00:00"
284;"nvolke7v";"zS4+K+az4fB";"Cashier";"2021-10-31 00:00:00"
285;"dskeemor7w";"cN5.LeaZZ";"Cashier";"2020-12-28 00:00:00"
286;"ladelberg7x";"fL3)'Oe""""";"Admin";"2020-06-27 00:00:00"
287;"lbrownsett7y";"uM5/Zzq}s*@I}";"Cashier";"2021-03-26 00:00:00"
288;"cmifflin7z";"bW1?P1M8'eo%Kh";"Admin";"2020-07-21 00:00:00"
289;"nrahl80";"qK6&A=P<~6jp";"Admin";"2021-06-04 00:00:00"
290;"mhaugen81";"bV1,+/a~W`'Q(H";"Cashier";"2021-09-05 00:00:00"
291;"bfelten82";"zI5~?yCZVm<";"Cashier";"2020-06-03 00:00:00"
292;"jcanadine83";"pJ8/q<#f(F";"Cashier";"2021-10-12 00:00:00"
293;"odriscoll84";"zS5<y../LAu)S";"Admin";"2021-10-28 00:00:00"
294;"hlevecque85";"oG5*FnDY\5O";"Admin";"2020-10-30 00:00:00"
295;"vwarden86";"bW7$bs\z+ihR";"Cashier";"2021-02-15 00:00:00"
296;"eswainson87";"eL2&0#2d8'tlt2";"Cashier";"2020-12-19 00:00:00"
297;"hhefferon88";"lR7>ug8{w>";"Admin";"2021-03-08 00:00:00"
298;"rashman89";"sA0/_`EFna,";"Cashier";"2020-12-18 00:00:00"
299;"crockwell8a";"iH7&l*|5y/<`";"Admin";"2020-07-07 00:00:00"
300;"mdorman8b";"kB5""(&QgTuH)VR@""";"Admin";"2021-08-17 00:00:00"
301;"hgeraud8c";"nN6,Yi{X6or@CQ";"Admin";"2021-10-13 00:00:00"
302;"cdeble8d";"sA4?)K2|qc2OO6z";"Cashier";"2021-10-23 00:00:00"
303;"agolledge8e";"zL8""6ApCf1""";"Admin";"2021-07-28 00:00:00"
304;"adaunay8f";"sH8_e$eIo_'g";"Cashier";"2020-09-02 00:00:00"
305;"elayburn8g";"qJ4@`cm}V}";"Admin";"2021-08-24 00:00:00"
306;"prushmere8h";"fH5#x7a~<2L0";"Admin";"2021-07-17 00:00:00"
307;"chowey8i";"eF0!wBt!N1";"Cashier";"2020-09-29 00:00:00"
308;"vroisen8j";"bP4'Sd8CSzoHDU";"Admin";"2020-02-27 00:00:00"
309;"rslack8k";"gH9*e+S}yV3n1W";"Admin";"2020-05-13 00:00:00"
310;"hpugh8l";"eW8,bBiNLt@Q""#~""";"Admin";"2021-03-28 00:00:00"
311;"mbaistow8m";"cJ5~'#%,m";"Admin";"2020-12-01 00:00:00"
312;"cbasili8n";"pQ5'YpGs?biWDUp";"Admin";"2021-03-16 00:00:00"
313;"pshadwick8o";"tM4`""!""""0X?ZA.""";"Admin";"2020-06-17 00:00:00"
314;"gpealing8p";"pJ0#OTe'B6";"Cashier";"2021-08-26 00:00:00"
315;"sdemeza8q";"oK9?@7jVNPP(";"Cashier";"2021-09-14 00:00:00"
316;"kgeorgiev8r";"zZ1%,R`$t7|@6E/";"Cashier";"2021-04-23 00:00:00"
317;"imoyers8s";"jQ1`0IsU";"Cashier";"2021-08-04 00:00:00"
318;"kblomfield8t";"zT4!)RfB63E(";"Admin";"2021-02-13 00:00:00"
319;"jkenningham8u";"vA8""""""6e8CsPyu""";"Cashier";"2020-03-23 00:00:00"
320;"onation8v";"vW7}5DMq";"Cashier";"2021-09-22 00:00:00"
321;"llyenyng8w";"kX6)edtC,QcHGy%+";"Admin";"2021-05-06 00:00:00"
322;"jmatlock8x";"kL3'3,)aV~X_";"Cashier";"2021-03-06 00:00:00"
323;"stweedlie8y";"lY8}{""EKg3bZt""";"Cashier";"2020-11-18 00:00:00"
324;"kjaulmes8z";"zN1'neI5%E";"Admin";"2020-11-04 00:00:00"
325;"slantiff90";"qL1{=N.dK";"Cashier";"2021-06-24 00:00:00"
326;"gbollen91";"gR6&\H""lowfz""";"Cashier";"2020-06-07 00:00:00"
327;"kpiser92";"sT3.(O&U=F2==H";"Cashier";"2021-06-28 00:00:00"
328;"omclauchlin93";"tA4_ER=l~+Ad~q";"Admin";"2020-10-27 00:00:00"
329;"sbouette94";"dZ8/R+F=P";"Cashier";"2021-05-15 00:00:00"
330;"blanyon95";"qQ4~fsFFdG&Ic(";"Cashier";"2021-03-30 00:00:00"
331;"abrastead96";"jY7@Lh7A,ec";"Admin";"2021-09-08 00:00:00"
332;"marnull97";"gM6$slQK";"Cashier";"2021-03-13 00:00:00"
333;"sbellson98";"tG1`J7?35<x#!!";"Cashier";"2020-12-19 00:00:00"
334;"mpreskett99";"eP6=YUN'\y5v";"Admin";"2020-06-28 00:00:00"
335;"sroyall9a";"sM1{DoY=.2/y";"Cashier";"2021-09-16 00:00:00"
336;"gkauble9b";"vC5}|6LSJWqCC4";"Cashier";"2020-05-08 00:00:00"
337;"mhamilton9c";"fT1""1bv(</sU""";"Cashier";"2021-04-16 00:00:00"
338;"jstallworthy9d";"jY0%D9>lo4U$OYmx";"Admin";"2020-09-01 00:00:00"
339;"mredish9e";"gQ4.9H(7X|6z')j";"Cashier";"2020-10-06 00:00:00"
340;"dhugli9f";"pM9}Cp`KL.4~BNe@";"Admin";"2020-03-14 00:00:00"
341;"acove9g";"cL5{7xR"".x$Zo|B""";"Admin";"2020-10-02 00:00:00"
342;"cceyssen9h";"xV4//=P_K5";"Admin";"2021-05-30 00:00:00"
343;"ealekseicik9i";"nZ2,5Sx}";"Cashier";"2021-09-21 00:00:00"
344;"gdoulden9j";"xL2=)FD8";"Cashier";"2020-12-10 00:00:00"
345;"pswayne9k";"cD5>pZ%`(.oq(";"Cashier";"2020-05-10 00:00:00"
346;"ebendle9l";"gZ8`9B=j4?iGFoh";"Admin";"2021-04-29 00:00:00"
347;"mdukelow9m";"hU3/)jw(,,y}";"Cashier";"2020-03-05 00:00:00"
348;"rfinley9n";"cA5~'gET`Zo";"Admin";"2020-12-26 00:00:00"
349;"kstyche9o";"fZ8}lOe_>I}<?Rdg";"Admin";"2020-12-30 00:00:00"
350;"kkerrich9p";"iH9$R)&I{oC6.x7}";"Admin";"2020-08-16 00:00:00"
351;"pcapozzi9q";"dM7@/mS/q~\Jhe#";"Cashier";"2020-07-19 00:00:00"
352;"mgilcrist9r";"fL9~qNpNh9wk";"Admin";"2020-10-01 00:00:00"
353;"klangthorne9s";"yC0`moy|y";"Cashier";"2020-06-27 00:00:00"
354;"ksnead9t";"kY3~<_p5";"Admin";"2021-09-04 00:00:00"
355;"gfenlon9u";"aB2=*`Y6Usuu@r3)";"Admin";"2021-05-03 00:00:00"
356;"ctichner9v";"qM7,*T_}";"Admin";"2021-01-20 00:00:00"
357;"vhaldin9w";"sB1%my8f~r";"Cashier";"2021-05-23 00:00:00"
358;"ndemschke9x";"wA4(C/=9x7&%kFV";"Cashier";"2020-03-22 00:00:00"
359;"cklaussen9y";"pS8_qr9YlnG";"Admin";"2020-08-26 00:00:00"
360;"kjeeves9z";"sK3\AB7`rb,~Xf";"Admin";"2020-04-02 00:00:00"
361;"gmccurta0";"uH9""3#E7I(""""21F5""";"Admin";"2020-08-23 00:00:00"
362;"dbotrighta1";"kX6\qzEHJr0rqjF";"Admin";"2020-10-16 00:00:00"
363;"jbelwarda2";"eH8{U9/_u&&f";"Admin";"2021-06-14 00:00:00"
364;"ewestcotta3";"gN8$rg%u?V%7i";"Cashier";"2021-06-29 00:00:00"
365;"bguyeta4";"tO0%Tu1/krg%";"Admin";"2021-10-03 00:00:00"
366;"gmargriea5";"mM0&i!Y@zyr9*LHD";"Admin";"2021-04-13 00:00:00"
367;"bbaskettera6";"eF0!11!~,{";"Admin";"2020-08-11 00:00:00"
368;"dboatera7";"sA8&/@g|dFz\}";"Cashier";"2020-12-06 00:00:00"
369;"ggiraudoua8";"rN6=ulUs#R.lG/";"Admin";"2021-08-26 00:00:00"
370;"bhartlya9";"hD0$wey<z\7";"Admin";"2020-10-28 00:00:00"
371;"akillerbyaa";"xS3/<!~zrMKKn=9#";"Cashier";"2020-12-19 00:00:00"
372;"tronchkaab";"wX6?I*J?xNWq$g.";"Admin";"2021-08-08 00:00:00"
373;"gespasaac";"xM8,(74'|5V2l8";"Cashier";"2021-03-18 00:00:00"
374;"sbickfordad";"eJ4\jRRzZYG.9>Gr";"Admin";"2021-03-13 00:00:00"
375;"ddowreyae";"lI8>6oQ>\,";"Admin";"2021-11-04 00:00:00"
376;"scoodeaf";"pQ8'S5_&6??Oq";"Admin";"2020-03-22 00:00:00"
377;"iroderhamag";"hN6_DGPB5BK+*X`";"Admin";"2021-11-03 00:00:00"
378;"lfencottah";"dO4/Kt)muv@OK$";"Cashier";"2021-01-23 00:00:00"
379;"rjallinai";"vO2_68$ag}7";"Cashier";"2021-07-03 00:00:00"
380;"dgruczkaaj";"yO0<}w{HxDMqmf";"Cashier";"2020-02-18 00:00:00"
381;"nwasmerak";"uH7|Tqk=A>1`F";"Admin";"2021-11-02 00:00:00"
382;"lcafeal";"qL4#D|T+G6";"Admin";"2021-01-06 00:00:00"
383;"cmicheam";"cI6!%3}Isbdf";"Admin";"2020-05-07 00:00:00"
384;"mmckennaan";"xL4+n{*(jv""IFK}f""";"Admin";"2021-03-14 00:00:00"
385;"mkiddyeao";"qJ2'pes.Gw";"Cashier";"2021-04-08 00:00:00"
386;"brookwellap";"uZ5(u64t|@V<f\";"Admin";"2021-07-11 00:00:00"
387;"glorenzoaq";"kK0!M6,=pc!u""""";"Admin";"2021-02-24 00:00:00"
388;"nscoterboshar";"pS8&#X2jqAugX";"Admin";"2021-03-07 00:00:00"
389;"pdaborneas";"vT5""8Y{CC@#)@""";"Admin";"2020-11-16 00:00:00"
390;"slockeat";"iB7.g$\{=YM?";"Admin";"2020-03-07 00:00:00"
391;"ebrendekeau";"hS3#=<exv,~";"Cashier";"2020-07-02 00:00:00"
392;"shuleattav";"sZ8_!*ZC";"Cashier";"2021-06-19 00:00:00"
393;"meskriggaw";"rV7__3fd";"Admin";"2021-03-16 00:00:00"
394;"hchiswellax";"yU5{J6(pR=";"Cashier";"2021-07-23 00:00:00"
395;"aluttgeray";"qR6*4`2V/d%";"Admin";"2021-08-28 00:00:00"
396;"cfilipychevaz";"tA1!!3~$Y";"Cashier";"2020-09-29 00:00:00"
397;"eargyleb0";"jN0?'4u<V{SE|";"Cashier";"2021-08-04 00:00:00"
398;"jzimekb1";"mJ1(UKrv.$bN";"Cashier";"2021-06-17 00:00:00"
399;"ceaglenb2";"oH3%XYz7w!";"Cashier";"2021-04-15 00:00:00"
400;"dlarmettb3";"gN2#`b,ROBc$6N}3";"Cashier";"2020-11-23 00:00:00"
401;"dbentob4";"kR9}r?AC";"Admin";"2021-09-30 00:00:00"
402;"jspearesb5";"jN3$5!tN8W<k1";"Cashier";"2021-08-02 00:00:00"
403;"ojakovb6";"yY7#XTpB4Cz=h#M0";"Cashier";"2021-06-26 00:00:00"
404;"fkocherb7";"gB2+uVPpP6Y";"Cashier";"2020-08-09 00:00:00"
405;"adomeganb8";"hH9\enfr,B";"Cashier";"2020-03-15 00:00:00"
406;"hbulwardb9";"hD2>d&l@$fUrMe";"Cashier";"2021-09-10 00:00:00"
407;"mpostlewhiteba";"aP9/X'b2AgLi86";"Cashier";"2020-08-27 00:00:00"
408;"zbentermanbb";"hT3/H!O|x'B";"Cashier";"2021-03-09 00:00:00"
409;"gblasettibc";"oG8)qvLP@D";"Admin";"2021-06-05 00:00:00"
410;"ebilesbd";"vG4%W$M3\>s\)7b0";"Cashier";"2020-04-04 00:00:00"
411;"afeltoebe";"nN2'WzUhs_)S`.T";"Cashier";"2021-07-17 00:00:00"
412;"echristallbf";"uR8(S5RWwyG\7";"Admin";"2021-04-23 00:00:00"
413;"cbarnsdallbg";"oV6%YaH=0*E6R"")|""";"Admin";"2021-01-25 00:00:00"
414;"mtaggertybh";"uT9(>vx22c";"Admin";"2021-03-07 00:00:00"
415;"aparadebi";"yN1!uciuB<ewB";"Cashier";"2021-01-14 00:00:00"
416;"fheddybj";"vU0!sd(D{+IMKqE";"Cashier";"2020-12-27 00:00:00"
417;"cbonnysonbk";"vX6""5%SsZT""";"Cashier";"2021-04-11 00:00:00"
418;"osturdgessbl";"sZ3##x`rpOn";"Cashier";"2020-07-12 00:00:00"
419;"rmccoolebm";"wB2~R?~yu";"Admin";"2020-07-24 00:00:00"
420;"vboddisbn";"sM0&VMq{4?vE$en";"Cashier";"2021-02-17 00:00:00"
421;"mcastanebo";"pB0?zz\K9x~9p";"Cashier";"2020-04-27 00:00:00"
422;"imaudlingbp";"gC6`HBTd}su""""";"Cashier";"2021-04-30 00:00:00"
423;"lreevesbq";"jU0(RH}{";"Admin";"2021-08-17 00:00:00"
424;"ltwigginsbr";"fN6\||&cp9(";"Admin";"2021-03-03 00:00:00"
425;"hjedrykabs";"rB2!ByVMeZU&~H""#""";"Admin";"2021-03-19 00:00:00"
426;"swolveybt";"hJ3""ip/op{d""";"Cashier";"2021-07-17 00:00:00"
427;"rdellcasabu";"uD8*Lq%.";"Cashier";"2021-05-21 00:00:00"
428;"chickeringillbv";"zM9@P9~xZIgHQ8#";"Admin";"2021-06-14 00:00:00"
429;"amonanbw";"tY3#s9zB2";"Cashier";"2020-04-10 00:00:00"
430;"npudebx";"hU2&</,E/7UXh=o";"Cashier";"2021-01-25 00:00:00"
431;"nhaysarby";"sS2>LGr<SjI61y@T";"Admin";"2021-02-09 00:00:00"
432;"akenrydbz";"zB9{LXolK'Sq7tj@";"Cashier";"2020-07-24 00:00:00"
433;"sramasc0";"iV9\Q9oJhKNp";"Cashier";"2020-03-05 00:00:00"
434;"wbrozssetc1";"nC8+ZI@|>kD%a4";"Cashier";"2020-05-24 00:00:00"
435;"jbrattc2";"wY7)!7xMis(7y#/a";"Cashier";"2021-05-22 00:00:00"
436;"dbraxayc3";"zO0/8v<5o6NZg";"Cashier";"2020-11-10 00:00:00"
437;"scainsc4";"lD2%FZW{%E={";"Admin";"2020-04-29 00:00:00"
438;"dscurryc5";"lE4\nFp}sz5MGdn";"Cashier";"2021-05-06 00:00:00"
439;"cchesselc6";"cS1(GFc|";"Admin";"2021-05-21 00:00:00"
440;"mjaukovicc7";"kD1,r)C?/,`M";"Admin";"2021-04-30 00:00:00"
441;"gjefferdc8";"gQ8{*.P}XU+03H";"Admin";"2021-09-12 00:00:00"
442;"fbraundsc9";"wE0<=EB}nB";"Admin";"2021-04-04 00:00:00"
443;"mlorensca";"wS3'ygAw>=";"Cashier";"2020-11-09 00:00:00"
444;"cowerscb";"yP3!t7xI@$)<$";"Cashier";"2021-01-13 00:00:00"
445;"bskipworthcc";"gC6}Gd_E";"Cashier";"2021-01-19 00:00:00"
446;"tframminghamcd";"yF3.T*f(~1Mc";"Admin";"2020-12-05 00:00:00"
447;"jcloutce";"kX7<G""*9hda#15_""";"Admin";"2021-10-26 00:00:00"
448;"mskipseycf";"gO4%jTXOqg1fg";"Admin";"2020-12-19 00:00:00"
449;"nstandingfordcg";"sB3*{9,pXS";"Admin";"2021-10-23 00:00:00"
450;"mloddonch";"pH6{OfhU2v""v%E=""";"Cashier";"2020-06-04 00:00:00"
451;"acaulcuttci";"rA7'c?V4#uu|HP1";"Admin";"2020-12-10 00:00:00"
452;"cvannetcj";"tH1\*3*L";"Admin";"2020-08-12 00:00:00"
453;"gfolbigck";"hX6~d'~M/W";"Cashier";"2021-05-08 00:00:00"
454;"lbarneveldcl";"kV1/+HIf.Ya$B't\";"Cashier";"2020-10-14 00:00:00"
455;"cizkovitzcm";"rV6_yuzg";"Admin";"2020-02-27 00:00:00"
456;"atuffincn";"fV1+O%7b";"Admin";"2020-08-16 00:00:00"
457;"dfulksco";"mQ4)pUsr}U";"Admin";"2020-10-14 00:00:00"
458;"mpolinocp";"fY6%m~98|`Fx)";"Cashier";"2021-01-09 00:00:00"
459;"ppunchercq";"tQ9'A{t!j\\%J";"Cashier";"2021-09-07 00:00:00"
460;"hjirickcr";"vG3$(RL%8h|B\";"Admin";"2021-08-03 00:00:00"
461;"rgodbaldcs";"zW0*`|APzrP";"Cashier";"2020-09-29 00:00:00"
462;"bkieranct";"oJ4&<NMSQ";"Admin";"2020-03-02 00:00:00"
463;"tgutridgecu";"fL6<&>=c)%JkN";"Cashier";"2020-10-07 00:00:00"
464;"cteanbycv";"hL1.N9q=G51Eh";"Cashier";"2020-06-14 00:00:00"
465;"crewcastlecw";"wF3}W6G1D5?u";"Cashier";"2020-11-11 00:00:00"
466;"cgarrettsoncx";"rK4+2$.HtRo}+";"Admin";"2021-01-31 00:00:00"
467;"lrochescy";"eP3(_`GeSY/l'";"Cashier";"2020-06-04 00:00:00"
468;"jcasajuanacz";"gW7<COZw1FkOJ?(`";"Cashier";"2020-06-03 00:00:00"
469;"nmeconid0";"yX4#o$Pr";"Admin";"2020-05-21 00:00:00"
470;"hklausd1";"vG1'GOG""~)>L4X3X""";"Admin";"2020-09-30 00:00:00"
471;"tmccrowd2";"yV9}/UjzNp#C0jM";"Admin";"2020-05-19 00:00:00"
472;"wquimbyd3";"hH3_}aoc!";"Cashier";"2021-06-26 00:00:00"
473;"eyeardsleyd4";"yT7@lu,Qv|<fGt";"Cashier";"2021-04-25 00:00:00"
474;"ebarracksd5";"hC1{!?E""""""5lm""";"Cashier";"2021-03-24 00:00:00"
475;"clovelandd6";"mL6`cn~w3opAS";"Cashier";"2021-03-04 00:00:00"
476;"ztrunbyd7";"bZ3!(w23Qb_SAuT";"Cashier";"2020-05-30 00:00:00"
477;"akobierieckid8";"eP9*QdTH(FQr";"Cashier";"2020-03-23 00:00:00"
478;"ihennemannd9";"zH3#Zf$42FD9jco";"Cashier";"2021-10-21 00:00:00"
479;"jwitardda";"mS5&Q,MH+t";"Admin";"2021-01-10 00:00:00"
480;"jofihilydb";"sR7#o|M*M84=%>$";"Cashier";"2021-11-01 00:00:00"
481;"wpydcockdc";"rX7{V01T5Yf2{a8";"Admin";"2021-06-26 00:00:00"
482;"bstockdaledd";"eJ2`YdpOb+=";"Admin";"2021-05-22 00:00:00"
483;"vchestersde";"tG5(M3%C%Ope";"Admin";"2020-10-05 00:00:00"
484;"jmerwooddf";"wN9?_GbqBTSR@E0W";"Admin";"2021-09-16 00:00:00"
485;"cheaslydg";"rL0@5kf(}UR2(#7";"Admin";"2021-10-03 00:00:00"
486;"msapautondh";"dZ0\Rx5t,Z|";"Cashier";"2020-07-26 00:00:00"
487;"mtremeerdi";"xD1{uZUGFU";"Cashier";"2020-09-14 00:00:00"
488;"lfoulisdj";"xP8""jAsb""";"Admin";"2021-03-31 00:00:00"
489;"rregelousdk";"yO4\hPf<+N3a%}";"Admin";"2021-02-26 00:00:00"
490;"strumbledl";"eQ9}B48uL";"Cashier";"2020-05-07 00:00:00"
491;"sghostdm";"lM5!>8|M22K{";"Admin";"2020-03-30 00:00:00"
492;"jhobdendn";"wA1=fml*18rS";"Admin";"2021-07-15 00:00:00"
493;"ngaultdo";"bA7<bGF|BU";"Cashier";"2020-06-03 00:00:00"
494;"mblackleechdp";"yN6#U,Rfn";"Admin";"2020-09-10 00:00:00"
495;"cridpathdq";"uO8<yuqzo}E=";"Admin";"2020-11-13 00:00:00"
496;"cflettdr";"vW5((v@&5{vF";"Cashier";"2021-03-14 00:00:00"
497;"spapads";"bN2&2Wo>pKnEB(~";"Admin";"2020-12-10 00:00:00"
498;"kmathissendt";"fV9?.MPITXa0I";"Admin";"2020-07-28 00:00:00"
499;"mlairddu";"oL3('Zt'WD/";"Admin";"2021-11-03 00:00:00"
500;"gkitteridgedv";"zW1(o7trWdiMu~r";"Admin";"2020-06-21 00:00:00"
501;"kgreimdw";"mQ6'.N10zP";"Cashier";"2021-11-05 00:00:00"
502;"ekeenlysidedx";"zY0{&o5nWdRM";"Admin";"2021-07-11 00:00:00"
503;"holensbydy";"cU2<.K|5lC""X""";"Cashier";"2020-08-24 00:00:00"
504;"fsisslanddz";"bW4~2&U)2F<";"Admin";"2021-03-04 00:00:00"
505;"njensone0";"lL4?Wv=nC(y~";"Cashier";"2020-06-04 00:00:00"
506;"cstephense1";"wF3=Yk\?lm3}A_";"Cashier";"2021-04-20 00:00:00"
507;"jroystee2";"dG0_zzLvuFUbo\";"Admin";"2021-11-04 00:00:00"
508;"dnortherne3";"mQ7}@k6BHaG8Ra_}";"Admin";"2021-03-25 00:00:00"
509;"davarde4";"aC2%!j0{m\tnV";"Cashier";"2020-07-10 00:00:00"
510;"ulunee5";"kE2""'Ou<i%He""";"Admin";"2021-05-31 00:00:00"
511;"drosenscheine6";"nS4`X,#A2A8&w8=";"Cashier";"2021-09-24 00:00:00"
512;"pwelchmane7";"kU6%Oxep.wVn57u";"Admin";"2021-05-11 00:00:00"
513;"mstrafforde8";"wP4.$mD'!";"Cashier";"2021-06-22 00:00:00"
514;"bgittinge9";"jP1&d>i2Chp`";"Admin";"2021-01-11 00:00:00"
515;"cillesleyea";"yX7,}zpL/B7";"Admin";"2021-03-21 00:00:00"
516;"lkingslyeb";"eO7|%*$G_fj.Q";"Admin";"2020-05-08 00:00:00"
517;"ibrentec";"lS1\VFun%";"Admin";"2021-06-26 00:00:00"
518;"bclisselled";"zL4@hN'oWA&?\";"Cashier";"2021-09-28 00:00:00"
519;"bshemminee";"pT9_<na88Y";"Admin";"2020-06-15 00:00:00"
520;"okeetingef";"wY6_=ifFpCrgitX";"Admin";"2020-09-16 00:00:00"
521;"shallwelleg";"pG2+d""uoK'|PP)Yx""";"Cashier";"2020-09-02 00:00:00"
522;"pjenseneh";"aV4>NQQ/7c$wcH";"Cashier";"2020-06-17 00:00:00"
523;"tturpinei";"mW7{l,fS(kZayYf";"Admin";"2021-01-29 00:00:00"
524;"dduckerej";"bG9*t5$L}~=B5@$v";"Admin";"2020-07-28 00:00:00"
525;"rbrombyek";"iQ2+yefFuH?XwhQ";"Admin";"2020-04-19 00:00:00"
526;"cpinfoldel";"vK2?jA2vEi5iO$";"Admin";"2020-05-27 00:00:00"
527;"ogiacobelliem";"lT5@K0pvxt!HH~Z&";"Admin";"2021-02-14 00:00:00"
528;"ssenetten";"qF8?Ml@jTQDCur";"Admin";"2020-07-19 00:00:00"
529;"fhawkswoodeo";"rH6$""NDd1""""#*e9G""";"Admin";"2021-04-02 00:00:00"
530;"dissacsonep";"fI1=tZIh";"Admin";"2020-03-28 00:00:00"
531;"avedenicheveq";"qW9%=V{6e0.mqm""""";"Admin";"2020-07-22 00:00:00"
532;"maguirrezabalaer";"qQ6._@>6'kX'";"Admin";"2020-04-05 00:00:00"
533;"dtindlees";"jP8/@'d'E8\A";"Cashier";"2021-08-16 00:00:00"
534;"askeaet";"hZ2@lQryn3x";"Cashier";"2021-03-12 00:00:00"
535;"dmilmoreeu";"sT0`7j$3Q_p5>{";"Admin";"2020-09-08 00:00:00"
536;"jparleyev";"dO5=HElrC(J&X8t9";"Admin";"2020-09-10 00:00:00"
537;"dfrancescottiew";"cH1|r!o_5?Jd>#_5";"Admin";"2020-06-25 00:00:00"
538;"mupjohnex";"mY2*}YB{(,R@U7+K";"Admin";"2020-02-18 00:00:00"
539;"vrimeey";"pI8~1yP4r";"Admin";"2020-09-23 00:00:00"
540;"arenachowskiez";"pL2\99Q=";"Cashier";"2020-08-21 00:00:00"
541;"ikymef0";"fP2~8O?\h`c,gu@";"Admin";"2020-04-01 00:00:00"
542;"tpurveysf1";"kT6,k8d'""3A6ubX""";"Cashier";"2021-04-03 00:00:00"
543;"awanellf2";"oC4+!(T\l%6FP{3e";"Admin";"2020-11-25 00:00:00"
544;"mrefordf3";"hK2%lf4S*T?kX";"Admin";"2020-10-20 00:00:00"
545;"cguaref4";"zS2&#wyS\ype1!MO";"Cashier";"2021-04-28 00:00:00"
546;"spaasof5";"nY2/xY&St*\";"Cashier";"2021-03-06 00:00:00"
547;"jgilvaryf6";"aS4#vRTz%$`oRzI";"Admin";"2020-11-06 00:00:00"
548;"miansonf7";"gI7#+_.b5";"Cashier";"2020-09-23 00:00:00"
549;"agotcliffef8";"xB2?h83kthf)r1Y'";"Admin";"2021-03-24 00:00:00"
550;"tlightonf9";"uM3?~dh(yy";"Cashier";"2020-05-24 00:00:00"
551;"btrevertonfa";"lE5*FD#G>ZJ";"Admin";"2021-02-09 00:00:00"
552;"sladenfb";"tV3'VH=KSq2""""";"Admin";"2020-07-06 00:00:00"
553;"kmaccostyfc";"iI7#!O.""g.7""";"Cashier";"2021-01-30 00:00:00"
554;"pnaisbittfd";"oU1/7,d>yvW";"Admin";"2021-03-31 00:00:00"
555;"lfredife";"fL0'sH34a*";"Admin";"2020-04-06 00:00:00"
556;"kwellsmanff";"hI7&Q(9GgF=ha$_8";"Cashier";"2021-02-06 00:00:00"
557;"pgiannifg";"iA1`*}mX";"Cashier";"2021-04-02 00:00:00"
558;"cflattfh";"pV8~DZG1&iZ{sd";"Cashier";"2021-11-05 00:00:00"
559;"mwahnerfi";"jZ0}{./?Y#5{&$50";"Cashier";"2021-09-13 00:00:00"
560;"erobbiefj";"dU0+($F|KVM'wZkt";"Cashier";"2020-06-05 00:00:00"
561;"tbirchwoodfk";"oL3{tHN78_s5)Y!o";"Admin";"2021-04-07 00:00:00"
562;"bsavilfl";"nC0#o6Gk#ANR9K";"Cashier";"2021-02-27 00:00:00"
563;"khawkingfm";"aL6,B@7A7c";"Cashier";"2021-02-15 00:00:00"
564;"tchilderhousefn";"yQ2`..E#";"Admin";"2020-09-12 00:00:00"
565;"adaldryfo";"zZ3=rx~I*";"Admin";"2021-01-21 00:00:00"
566;"mhuefp";"zI5,is<@{Y";"Admin";"2020-11-07 00:00:00"
567;"nsonnenscheinfq";"aW1!'|g#go./";"Cashier";"2020-02-21 00:00:00"
568;"bagastinafr";"iL1,uo|Hbx4bi";"Cashier";"2021-04-25 00:00:00"
569;"efielderfs";"gQ1&.+""KMtU""";"Cashier";"2021-09-30 00:00:00"
570;"kserrellft";"mO4`J0k(";"Cashier";"2020-07-27 00:00:00"
571;"djustunfu";"dZ1~r%LE$.";"Admin";"2020-07-05 00:00:00"
572;"jzellickfv";"iO1)%`dEV2U";"Cashier";"2020-12-18 00:00:00"
573;"hmchanfw";"gP5?ei6q~f9a";"Admin";"2021-11-02 00:00:00"
574;"mnotofx";"mD4!#i~j";"Admin";"2021-08-10 00:00:00"
575;"mfearneyfy";"zW1#d=Dron";"Admin";"2021-10-26 00:00:00"
576;"cdagostinofz";"lH4""?%?l3""";"Cashier";"2021-09-21 00:00:00"
577;"ebritting0";"qE4|C4A=.6";"Admin";"2020-07-25 00:00:00"
578;"mdaddg1";"hR3>I'|w`O!zcau";"Cashier";"2021-01-06 00:00:00"
579;"ematulag2";"vN7\9yS={C";"Admin";"2021-06-24 00:00:00"
580;"kivesg3";"jD0@N1~tno";"Cashier";"2021-08-06 00:00:00"
581;"centwistleg4";"zX5!.5_}o<%5G";"Admin";"2021-01-21 00:00:00"
582;"kcalafateg5";"nH0*+$oK3N9""lYCw""";"Cashier";"2020-05-31 00:00:00"
583;"ctompkissg6";"xV6`mvPF$W";"Cashier";"2020-04-25 00:00:00"
584;"skingshottg7";"dX6`H6=wK.2m}knO";"Cashier";"2021-03-16 00:00:00"
585;"acaplisg8";"xS1}Am?M/j`";"Cashier";"2020-08-20 00:00:00"
586;"sfrohockg9";"zL2#~5&2SR/Z=";"Admin";"2020-08-13 00:00:00"
587;"kmielnikga";"dJ0~zi`E3#o0cH";"Admin";"2021-04-14 00:00:00"
588;"otaplowgb";"tD6`>C_2gu<"")""";"Cashier";"2021-04-11 00:00:00"
589;"jrosewellgc";"lB3*T6X'4@LriP0";"Admin";"2020-07-25 00:00:00"
590;"rdowmangd";"oW4|5Fc>I5s*,";"Admin";"2021-06-01 00:00:00"
591;"mporcherge";"sW2,{~Iedj<o+W=/";"Admin";"2021-03-03 00:00:00"
592;"bizongf";"dN7\LQAjS0@";"Admin";"2020-06-02 00:00:00"
593;"lgrafhomgg";"vY5=>Df`~J";"Admin";"2021-04-28 00:00:00"
594;"kfalconbridgegh";"hP2#&oGdP#bb$#t";"Cashier";"2020-06-02 00:00:00"
595;"elyttongi";"pY3)As=ytib";"Cashier";"2021-09-16 00:00:00"
596;"cglasebrookgj";"vE2&VL>'wy)";"Admin";"2020-02-26 00:00:00"
597;"lwalrondgk";"uP0?B}8SVlA8>rOy";"Admin";"2020-09-07 00:00:00"
598;"ntaylergl";"bP3.l!Eqk{ubzL";"Admin";"2021-04-23 00:00:00"
599;"kharkesgm";"rR9,{Sav0YJMk`j";"Admin";"2021-07-21 00:00:00"
600;"mgummowgn";"nJ3%Ybh_C";"Admin";"2020-02-24 00:00:00"
601;"snormavellgo";"pB0#gRGcM}~vTVtR";"Admin";"2020-05-16 00:00:00"
602;"amclleesegp";"xL4>7RAs>St";"Cashier";"2021-09-16 00:00:00"
603;"mkingsnoadgq";"lD8/92S?";"Cashier";"2020-06-02 00:00:00"
604;"bquantickgr";"bU2={7`FpIw9uE";"Cashier";"2021-10-19 00:00:00"
605;"ebridglandgs";"jO8!CD!rKh";"Cashier";"2020-04-23 00:00:00"
606;"hderricoatgt";"yR4?}0L/";"Admin";"2020-07-17 00:00:00"
607;"kpenddrethgu";"lU0""+#_2#Z""";"Admin";"2021-01-25 00:00:00"
608;"dnorthallgv";"zY4+P1@sjkA~&d";"Cashier";"2021-06-02 00:00:00"
609;"gcasacciagw";"dA5#Ou%u&";"Admin";"2020-09-01 00:00:00"
610;"psterlinggx";"sL4%Yt|?0tD?";"Admin";"2020-04-12 00:00:00"
611;"gshufflebothamgy";"yF7%h~UU5j7KI";"Admin";"2021-01-17 00:00:00"
612;"tbeefongz";"rK5@Gf6GU7zpgR";"Admin";"2021-05-30 00:00:00"
613;"dlilieh0";"jC0""""""V(u""";"Admin";"2020-05-30 00:00:00"
614;"iwadlyh1";"gV7\|n{W@#eaF+";"Admin";"2021-04-12 00:00:00"
615;"kyuilleh2";"hS7'H'po~";"Admin";"2021-06-09 00:00:00"
616;"lephgraveh3";"bG9__%Cbj*R>pGR&";"Cashier";"2021-06-25 00:00:00"
617;"mwimpressh4";"gN7>!""X@e9y#V.7b""";"Admin";"2021-02-22 00:00:00"
618;"ktempertonh5";"hX2`r*mE}x";"Cashier";"2021-10-24 00:00:00"
619;"umclachlanh6";"rG2'Y4KvASDF";"Admin";"2020-04-03 00:00:00"
620;"awycliffeh7";"vE0'_$/oBvmJzPh";"Admin";"2021-09-06 00:00:00"
621;"fmanwaringh8";"iW1@4Y8%xmf";"Cashier";"2020-06-27 00:00:00"
622;"csidesh9";"zK0)@es!8U5t";"Admin";"2020-06-09 00:00:00"
623;"kmcgivenha";"lR0@lBm<b`p5b";"Admin";"2021-09-07 00:00:00"
624;"mthurmanhb";"kD9#bPn0L";"Cashier";"2020-03-06 00:00:00"
625;"mottonhc";"bH7|CMbZ";"Admin";"2021-07-04 00:00:00"
626;"ashirtliffhd";"tX9!Vxqy)Zyi";"Admin";"2021-07-09 00:00:00"
627;"tverrillohe";"jO2~'3ppFI1r";"Admin";"2021-01-03 00:00:00"
628;"jcahalanhf";"mO3+>/F}(\fZU";"Cashier";"2020-07-02 00:00:00"
629;"jringshg";"nK3@q.b&=fr~DO$8";"Admin";"2020-04-25 00:00:00"
630;"emidghallhh";"zL3<?K&L|";"Cashier";"2020-12-01 00:00:00"
631;"hpeadhi";"bG4*LZgW";"Cashier";"2021-08-15 00:00:00"
632;"mjoslinghj";"cA2!(juo{ke";"Cashier";"2021-07-23 00:00:00"
633;"cstaytehk";"hR7\496A!I1o.@+";"Cashier";"2021-03-11 00:00:00"
634;"jgabbitishl";"yR7@IHhMp(";"Admin";"2021-05-27 00:00:00"
635;"jsimmhm";"mP8$sy=""8HU6O""";"Cashier";"2020-05-24 00:00:00"
636;"cdeftiehn";"aQ9*f*KNYMu|J|0";"Cashier";"2020-10-02 00:00:00"
637;"eserleho";"cY9!N}zd$+hN";"Cashier";"2020-04-16 00:00:00"
638;"bdominguezhp";"gR8@#G,%y#1sH!s";"Admin";"2020-06-10 00:00:00"
639;"scheltnamhq";"wO0$U/$BBo#|O";"Admin";"2020-09-11 00:00:00"
640;"loferhr";"vZ1~Ki=AY8T1";"Cashier";"2021-02-08 00:00:00"
641;"jandersenhs";"pF4.RP%""!wM~""";"Cashier";"2020-07-21 00:00:00"
642;"cgisbournht";"cE7$b!3OjIeC6/";"Cashier";"2020-03-10 00:00:00"
643;"tbastiehu";"aJ6..p!2}5";"Admin";"2020-05-02 00:00:00"
644;"gproberthv";"pW4*>!?gI";"Cashier";"2020-03-02 00:00:00"
645;"cmcreedyhw";"hD5'h7>q";"Cashier";"2021-03-09 00:00:00"
646;"stommasettihx";"xJ0!'NU>>(";"Cashier";"2021-05-23 00:00:00"
647;"fcoohy";"pO7,x6SO8L$X>U8W";"Cashier";"2021-07-20 00:00:00"
648;"mhanscombehz";"sM0+tN_TZK&P%|";"Admin";"2020-09-20 00:00:00"
649;"jwhitmelli0";"uJ5&1qzNWy";"Cashier";"2020-12-09 00:00:00"
650;"ccayseri1";"hV3\2>pp";"Cashier";"2021-01-29 00:00:00"
651;"eknighti2";"jK9,z(N<E@";"Cashier";"2021-04-02 00:00:00"
652;"dskeatesi3";"pQ7""K7)k3|""";"Cashier";"2021-02-17 00:00:00"
653;"ndankovi4";"cW5_sg,&07Npfd";"Admin";"2020-07-14 00:00:00"
654;"egageri5";"lC9@3(f*|o";"Admin";"2020-09-10 00:00:00"
655;"gsawardi6";"kW0*=$<$/7L";"Admin";"2020-10-20 00:00:00"
656;"kcacaciei7";"aP5?V.x|3J";"Admin";"2020-12-01 00:00:00"
657;"ltrittami8";"hB7'DZXrg4CAXG";"Admin";"2021-05-16 00:00:00"
658;"msheptoni9";"xL2>eZaU";"Cashier";"2021-02-20 00:00:00"
659;"hcultchethia";"mR8~rs2qL`XAcQ";"Cashier";"2021-07-12 00:00:00"
660;"jstottib";"vZ6'<OT~g98";"Admin";"2020-07-17 00:00:00"
661;"enotmanic";"cN1@fcOX5SuGX}v";"Cashier";"2021-05-29 00:00:00"
662;"hdeacockid";"zA3)8&ji3GuL9F""|""";"Admin";"2020-07-12 00:00:00"
663;"kallderidgeie";"nC1)YW|q";"Cashier";"2020-06-08 00:00:00"
664;"dpaulif";"gF5}pgv{+RFGQ1";"Cashier";"2021-07-05 00:00:00"
665;"dyoxenig";"vM5,#dBSG10Rr3te";"Cashier";"2020-05-22 00:00:00"
666;"hbearsmoreih";"mT1<v6z""""";"Admin";"2021-04-08 00:00:00"
667;"lrichfieldii";"dC0.c?g%8irZ)3";"Admin";"2021-04-10 00:00:00"
668;"adarlassonij";"wU6,46WVlsE$znpv";"Cashier";"2021-04-23 00:00:00"
669;"lbreretonik";"sS0""$gK'9""";"Cashier";"2021-11-01 00:00:00"
670;"wduminiil";"vI6`l2UtI+h5Py_";"Admin";"2020-02-21 00:00:00"
671;"rjewsterim";"nN1@XkF=9i{x9#yA";"Admin";"2021-04-11 00:00:00"
672;"jmakerin";"tQ9/1w6>V,'?";"Cashier";"2020-06-15 00:00:00"
673;"gjeynesio";"gS4@Mt!OPX";"Admin";"2021-10-25 00:00:00"
674;"mnicholasip";"cG8$d\_0@Wr";"Admin";"2021-06-13 00:00:00"
675;"hduckworthiq";"qW5|o>`Y9Ra|){";"Admin";"2021-05-17 00:00:00"
676;"mgidneyir";"lS3#}7_BicxEo/,)";"Admin";"2021-02-25 00:00:00"
677;"dbeinischis";"gV4|!OfqXiAq(_%";"Admin";"2021-06-28 00:00:00"
678;"kbrignallit";"eW4>jo06EY1Nt@G{";"Admin";"2020-06-20 00:00:00"
679;"adakeiu";"nN3.y+|RI|bB9V";"Cashier";"2021-03-10 00:00:00"
680;"mashmoreiv";"sY2/IxI!";"Cashier";"2021-09-28 00:00:00"
681;"ecassieiw";"yZ1@U~!""@Td*3@""";"Admin";"2021-04-30 00:00:00"
682;"redlingix";"vY2{$0r{ReM>";"Cashier";"2020-04-16 00:00:00"
683;"fbeekmaniy";"eB4}I+D=FMpiU4J*";"Admin";"2021-05-15 00:00:00"
684;"cwoolnoughiz";"fT8$gvE`S";"Admin";"2020-04-15 00:00:00"
685;"tmartensenj0";"lA7}S3AgRJ1";"Cashier";"2021-04-03 00:00:00"
686;"cbiggerstaffj1";"bU4#{v/tNJxV0+Sp";"Admin";"2021-09-07 00:00:00"
687;"elaffordj2";"oB6@nahHwOaWqGF4";"Admin";"2020-03-03 00:00:00"
688;"bbyngj3";"vF7~a&8C";"Cashier";"2021-06-21 00:00:00"
689;"cbowllerj4";"yI9$EJTDL$t";"Cashier";"2021-10-10 00:00:00"
690;"bhartyj5";"xN1|BH=K~";"Cashier";"2020-11-09 00:00:00"
691;"afernsj6";"dQ7_m*5r@T\|";"Admin";"2020-10-19 00:00:00"
692;"ifreestonej7";"tV9<""/%*J$w02""";"Admin";"2020-12-31 00:00:00"
693;"sbirdj8";"hK2==\4S";"Cashier";"2020-04-02 00:00:00"
694;"cjoirisj9";"nR5<g1$8<'WrJcB";"Admin";"2020-06-06 00:00:00"
695;"dduseyja";"rD9_wXCWi$8#b";"Admin";"2020-06-29 00:00:00"
696;"jdaftorjb";"yY6%OVTMhv?01_2";"Admin";"2021-03-31 00:00:00"
697;"pmasterjc";"vW1+<1{!*8.S";"Admin";"2020-07-09 00:00:00"
698;"iiglesiasjd";"qE9?xiy&$a<g>5C6";"Cashier";"2021-09-19 00:00:00"
699;"gshrubsallje";"sT0_.@Li";"Admin";"2021-08-27 00:00:00"
700;"bhardagejf";"lT9+k|f|wH";"Cashier";"2020-09-01 00:00:00"
701;"rgadsdenjg";"oI6_>o/C{N)4";"Cashier";"2021-11-05 00:00:00"
702;"jdaburnjh";"wV7>w)Qc0GO5";"Cashier";"2020-06-01 00:00:00"
703;"dprideji";"rZ9!4yW3";"Cashier";"2021-10-12 00:00:00"
704;"lguillonjj";"hZ7'k$rarM";"Cashier";"2021-07-25 00:00:00"
705;"jbigglestonejk";"aN0~~~6A";"Cashier";"2021-01-03 00:00:00"
706;"eloudjl";"jU0`svRY&_f/";"Admin";"2021-04-12 00:00:00"
707;"kfanejm";"tN5\d65q{|e5Zb";"Cashier";"2020-11-25 00:00:00"
708;"emangonjn";"uP1=Ooz>G`8hZ";"Admin";"2021-05-31 00:00:00"
709;"mrobbeljo";"tF0*oy9lc";"Admin";"2021-01-01 00:00:00"
710;"idunbavinjp";"oK9(K)""&K1w""";"Admin";"2020-04-29 00:00:00"
711;"llindemanjq";"hX1?ffRO""RR0?""";"Cashier";"2020-11-22 00:00:00"
712;"jstonuaryjr";"mW6,0%!!AZFhxu";"Cashier";"2021-07-01 00:00:00"
713;"umatusevichjs";"aR6*+~4d$u()'\";"Cashier";"2020-02-18 00:00:00"
714;"vgotchjt";"vX7`86vvov";"Cashier";"2021-05-26 00:00:00"
715;"mbutterfintju";"eL8,.#NFgEfnBg";"Cashier";"2021-05-12 00:00:00"
716;"eoglejv";"uA6~7>eDd""v)\""";"Cashier";"2021-05-27 00:00:00"
717;"apalerjw";"tB4}AvJTm";"Cashier";"2020-08-03 00:00:00"
718;"esillettjx";"xR7=1<GZ.BJRlQ8";"Admin";"2021-10-29 00:00:00"
719;"fdalbyjy";"oS8!G&0!J`N4";"Cashier";"2021-09-08 00:00:00"
720;"biacovonejz";"yV1(@kZ'";"Cashier";"2021-01-23 00:00:00"
721;"mfullegark0";"rR5#~t?r";"Admin";"2021-06-01 00:00:00"
722;"mbatissek1";"eJ5_MrzrU@LohMP";"Cashier";"2020-03-25 00:00:00"
723;"cbirkbyk2";"vU5%)wz~h*3k";"Admin";"2020-05-08 00:00:00"
724;"escottinik3";"pG6_F=XJ2$B|";"Cashier";"2021-06-07 00:00:00"
725;"perridgek4";"iF1~$7q%*E=.**";"Cashier";"2021-02-27 00:00:00"
726;"bjoyk5";"nS4_'#CqX*\5.c`";"Admin";"2020-08-16 00:00:00"
727;"jhodgink6";"hN9>M3#lJQE";"Cashier";"2021-11-04 00:00:00"
728;"eyoxallk7";"lQ8?R%)@r)piF%";"Admin";"2020-09-29 00:00:00"
729;"kdennessk8";"bG3'|4@(U";"Admin";"2021-02-21 00:00:00"
730;"dmorffewk9";"sB6\G3{c1dX";"Admin";"2020-12-18 00:00:00"
731;"glarvinka";"pL8<<esZyNc";"Cashier";"2020-07-24 00:00:00"
732;"mshurmorekb";"rF2$=&FuF/Ki";"Admin";"2020-11-22 00:00:00"
733;"hhexumkc";"sD0*A?<0A+";"Cashier";"2020-10-29 00:00:00"
734;"khabornkd";"dT1?j@Jr`fj.}z";"Cashier";"2021-05-18 00:00:00"
735;"ywhertonke";"lK3'~kF=qM";"Cashier";"2021-08-16 00:00:00"
736;"dhandysidekf";"hJ8_QQ?\>J2+Vv";"Admin";"2021-09-14 00:00:00"
737;"zlatehousekg";"xN8(ABy""Qi""";"Cashier";"2020-10-09 00:00:00"
738;"fvaarkh";"rK5/aNv3C8d*wp&";"Cashier";"2021-10-26 00:00:00"
739;"growattki";"bL2|J~q*";"Admin";"2021-03-09 00:00:00"
740;"tadinkj";"gK9_*B3m";"Cashier";"2021-09-17 00:00:00"
741;"imarageskk";"bJ3@87D3uD7V";"Admin";"2021-05-20 00:00:00"
742;"cleguaykl";"uB4=(_=F7+JB";"Admin";"2020-05-25 00:00:00"
743;"kjanseykm";"cN8+A4|*Mkt%9";"Admin";"2020-12-20 00:00:00"
744;"lhabertkn";"aM1#R\T1dQA&";"Admin";"2021-09-09 00:00:00"
745;"gbustonko";"aI9&%#`2r#.b";"Cashier";"2021-05-22 00:00:00"
746;"gmatczakkp";"eM3\mV&NjvHYt@";"Cashier";"2021-04-15 00:00:00"
747;"shuardkq";"rX4!FVJ)U>~o";"Cashier";"2021-02-06 00:00:00"
748;"opritchardkr";"lW3%Q|\e2BL";"Cashier";"2020-03-16 00:00:00"
749;"xoscannillks";"lZ2{(V%k~""@NZ|}""";"Admin";"2020-11-19 00:00:00"
750;"wcowlingkt";"aG8=D@14/YR_V";"Cashier";"2020-12-22 00:00:00"
751;"groffku";"gY5$Yq7Ui";"Cashier";"2021-10-21 00:00:00"
752;"dgrangierkv";"xA3{%u,CVWKH9v";"Cashier";"2020-07-04 00:00:00"
753;"amartinkw";"wD9`yQh5";"Cashier";"2021-06-24 00:00:00"
754;"mmccarliekx";"oU1+h2le`L}+";"Cashier";"2020-08-06 00:00:00"
755;"pscapelhornky";"uG9{GH{aMP,px)%R";"Cashier";"2021-08-01 00:00:00"
756;"yfolcarellikz";"pE0)Uuz87S3";"Admin";"2021-08-17 00:00:00"
757;"eferrettinil0";"lY5#?ofb)";"Cashier";"2020-11-30 00:00:00"
758;"gmelettil1";"zM1(DXJ_1%C3";"Cashier";"2021-08-18 00:00:00"
759;"ceagarl2";"wG3,=A7l4C5)5E9v";"Cashier";"2020-11-08 00:00:00"
760;"tberingerl3";"hD6}sq*=5@";"Admin";"2021-02-28 00:00:00"
761;"kdublinl4";"kG1?!ik#I!=i";"Cashier";"2020-12-14 00:00:00"
762;"kwyndhaml5";"yL3#Y}6Tu";"Cashier";"2020-04-08 00:00:00"
763;"gjaggl6";"gO5$'?Pvh}mj*e";"Admin";"2020-08-03 00:00:00"
764;"lravenl7";"gB5&V&83v2";"Cashier";"2020-06-10 00:00:00"
765;"etiemanl8";"nK6*bv|7wf)";"Admin";"2020-05-11 00:00:00"
766;"fkroppl9";"lO6+,l,iTqxE!'bG";"Admin";"2021-07-13 00:00:00"
767;"wstoffersla";"jQ9%kR{3";"Cashier";"2020-07-17 00:00:00"
768;"ebottlesonlb";"oB0>ALaQQ\DzE~";"Cashier";"2021-09-18 00:00:00"
769;"jpeplerlc";"iW6""g{#l1tDX""";"Admin";"2020-08-30 00:00:00"
770;"rsheirlawld";"pC0=<39%_Cu!{U$Q";"Cashier";"2020-08-12 00:00:00"
771;"hmussardle";"wU3&UusokheP>";"Cashier";"2020-09-21 00:00:00"
772;"bharlelf";"eM4!f4Y}'hxx";"Cashier";"2020-12-08 00:00:00"
773;"ecanelg";"zL5=)!sQ`#";"Admin";"2020-04-02 00:00:00"
774;"mvallancelh";"bY3`Pcm5";"Admin";"2020-07-13 00:00:00"
775;"mfritchleyli";"rU9.L""AKuD##""";"Cashier";"2021-09-30 00:00:00"
776;"amanonlj";"qO7&`s$>+@\(z1o";"Cashier";"2021-06-21 00:00:00"
777;"platchfordlk";"xG0@@g%Y}Cb&$m";"Admin";"2020-10-08 00:00:00"
778;"ybrimsll";"qG2>8_b?tb";"Admin";"2020-02-18 00:00:00"
779;"jjoicelm";"hU8%MdQ\H#";"Cashier";"2020-08-08 00:00:00"
780;"pdumbareln";"rC0<""A=2DJth95""";"Admin";"2020-04-21 00:00:00"
781;"habadelo";"vJ8+znp4";"Admin";"2021-05-04 00:00:00"
782;"cdovidaitislp";"yH7""U<)2AQ""";"Cashier";"2021-04-25 00:00:00"
783;"tbaselq";"bL4$vcV""hjH6""";"Cashier";"2020-11-22 00:00:00"
784;"mbladonlr";"oF3#O}zv?cn3}";"Admin";"2020-06-16 00:00:00"
785;"jfirbankls";"nF5&xrlzWO{2QY";"Admin";"2020-10-30 00:00:00"
786;"jwillcockslt";"aI2|jt=R+)_.";"Cashier";"2021-08-21 00:00:00"
787;"coffenerlu";"xN9>5)@vF(DK_";"Admin";"2020-12-23 00:00:00"
788;"dferraresilv";"zH2`f+H5+4Lo";"Admin";"2021-10-23 00:00:00"
789;"fmaidenslw";"xG0.\vN_";"Cashier";"2021-03-12 00:00:00"
790;"dcapinlx";"vD0=}=K=9tn_DAJ";"Cashier";"2020-03-10 00:00:00"
791;"schomleyly";"vU2>B7CD{+|97rP";"Admin";"2021-02-14 00:00:00"
792;"shoyslz";"jW2$2%g5Y0xK2cJ";"Admin";"2020-07-11 00:00:00"
793;"zheislerm0";"bA4|yBMaR5";"Cashier";"2020-10-20 00:00:00"
794;"ksquirrellm1";"oO3<8?i}vPf>NE";"Cashier";"2021-07-18 00:00:00"
795;"gfairbairnm2";"dM2.hAdz";"Cashier";"2020-07-08 00:00:00"
796;"mscholtzm3";"lD2!sBH\cr+u";"Admin";"2021-02-24 00:00:00"
797;"sstirlingm4";"zL2.!#G#$eaT";"Admin";"2021-05-11 00:00:00"
798;"cyeldhamm5";"hU2""V{D=D|@24g#<""";"Admin";"2020-07-18 00:00:00"
799;"modgaardm6";"lE1#TBNd";"Admin";"2020-03-04 00:00:00"
800;"isiggeem7";"wO7@c?HL80Zp/";"Admin";"2020-06-14 00:00:00"
801;"slornem8";"fG4?~nuGJs";"Admin";"2021-01-15 00:00:00"
802;"kmerrittm9";"dO8)FZ)uVO";"Admin";"2021-10-25 00:00:00"
803;"mawtonma";"aD4/~JVdg""Z""";"Admin";"2021-10-30 00:00:00"
804;"kedlingmb";"pM1)tm2<uK9N#_\v";"Admin";"2021-05-12 00:00:00"
805;"nmustchinmc";"vX4'~667{W_bA<Nb";"Cashier";"2020-05-13 00:00:00"
806;"ckorousmd";"mC4=!|s4$Dl";"Cashier";"2021-10-18 00:00:00"
807;"cbelchampme";"rN6'M6}1n%tr$x3";"Admin";"2021-05-29 00:00:00"
808;"irobilliardmf";"aA8{&a@R,vriJ";"Admin";"2021-08-01 00:00:00"
809;"nmccloidmg";"pH5|V76JJ(o";"Admin";"2021-10-27 00:00:00"
810;"gexcellmh";"aM6$9KCl?Ewcfsu";"Cashier";"2021-05-16 00:00:00"
811;"mhefferanmi";"vD5<T,dA5";"Admin";"2020-12-15 00:00:00"
812;"wblondellmj";"gG1?DlgC!UM";"Cashier";"2021-01-14 00:00:00"
813;"dkinchinmk";"dJ4=6C@3zY";"Admin";"2021-09-16 00:00:00"
814;"fcamillettiml";"tM6=sG?Cz@W";"Cashier";"2020-06-30 00:00:00"
815;"dcasemm";"yU6}`&ZzR&xSZYl/";"Cashier";"2020-05-18 00:00:00"
816;"flightfootmn";"iA2=5Ac%~e4pbffI";"Admin";"2021-02-01 00:00:00"
817;"gpasfieldmo";"cQ2/+tf`";"Cashier";"2021-03-14 00:00:00"
818;"llangcastermp";"zU4_S(yzh";"Admin";"2020-11-10 00:00:00"
819;"lmatysiakmq";"pM5_730m<JI.";"Cashier";"2021-07-20 00:00:00"
820;"valeavymr";"xI2?`(PUrxuQ";"Admin";"2021-02-04 00:00:00"
821;"ceckfordms";"eP0~/PQp%";"Admin";"2021-09-03 00:00:00"
822;"chessenthalermt";"sT2+I9$*LoC'<";"Cashier";"2021-08-10 00:00:00"
823;"cbootmu";"xH0*wZg>W|R51&Z";"Cashier";"2021-06-13 00:00:00"
824;"fnorreemv";"sQ2+&+Tbm";"Cashier";"2021-10-20 00:00:00"
825;"ttimminsmw";"qM1'mrwCt=220J";"Cashier";"2020-03-15 00:00:00"
826;"tavrahmmx";"mB2{t%Iy76";"Admin";"2021-10-03 00:00:00"
827;"rdunwoodymy";"lU9=zur2(o'";"Admin";"2020-06-17 00:00:00"
828;"mredshawmz";"bN4,kAk<#sg27js";"Admin";"2020-12-12 00:00:00"
829;"csalvadoren0";"sV0(ziA&Z8`iv";"Cashier";"2020-03-21 00:00:00"
830;"tmateescun1";"uF0&?J(z9O";"Cashier";"2020-03-18 00:00:00"
831;"jrymann2";"dU4.E{6&'";"Admin";"2021-01-06 00:00:00"
832;"kmourguen3";"rO9`'AMI?fI8}";"Cashier";"2021-02-25 00:00:00"
833;"mutridgen4";"lJ1""{/}CRKbHM#=""";"Admin";"2020-04-26 00:00:00"
834;"bbellenien5";"oB2(Bpz*st";"Admin";"2020-12-03 00:00:00"
835;"gcastilljon6";"sC5@1yZgK";"Cashier";"2021-05-13 00:00:00"
836;"cbutnern7";"hF5|1x+WSpeE}{sU";"Admin";"2020-03-29 00:00:00"
837;"cblakdenn8";"gQ8,gkwRk";"Cashier";"2020-05-07 00:00:00"
838;"fsearln9";"bX7,N9c)n&1V";"Admin";"2021-09-05 00:00:00"
839;"gdungeyna";"xN5*@y#>";"Admin";"2021-03-29 00:00:00"
840;"rrosebothamnb";"nQ4?XLBq";"Admin";"2020-09-28 00:00:00"
841;"chassettnc";"eU7/lDzU";"Cashier";"2021-08-24 00:00:00"
842;"scarlsennd";"lU3/DsA2Go";"Cashier";"2020-05-07 00:00:00"
843;"gblennerhassettne";"tL9""`""""IS""";"Cashier";"2021-01-04 00:00:00"
844;"jchurchleynf";"bZ0""YOXZ\wB_G""";"Admin";"2021-07-07 00:00:00"
845;"cablewhiteng";"uC2`t)N""Im""";"Admin";"2021-07-28 00:00:00"
846;"nlugtonnh";"rQ7#F`D#uAH=";"Cashier";"2021-05-06 00:00:00"
847;"lspenderni";"hS7}pQU(fS$`+Vl7";"Cashier";"2021-02-04 00:00:00"
848;"sdrinkeldnj";"iX6(v!9WhJR=JnX";"Admin";"2021-04-30 00:00:00"
849;"lnorthagenk";"iQ3$7qTN%=Earv";"Cashier";"2020-09-10 00:00:00"
850;"zlowdeanenl";"zN8/QBJW";"Cashier";"2020-07-08 00:00:00"
851;"kpesseltnm";"fY5|S729USIgp2|n";"Cashier";"2020-09-22 00:00:00"
852;"thunnn";"yN5'7XBbo?w}$";"Cashier";"2021-02-22 00:00:00"
853;"gmoodeyno";"sL6+IspYd""?""";"Cashier";"2020-12-05 00:00:00"
854;"bbeardnp";"vH0,m""Hk\Z3t""";"Cashier";"2021-06-29 00:00:00"
855;"lyvenq";"nI1~!Jmzr.,lW)m'";"Cashier";"2020-03-16 00:00:00"
856;"tmacallisternr";"gT2,0ij~6mFJ";"Cashier";"2021-08-14 00:00:00"
857;"rabramzonns";"gU0/.26y>ut9!";"Admin";"2021-02-20 00:00:00"
858;"afairmannt";"cK9_wJPx";"Cashier";"2021-03-04 00:00:00"
859;"ggranthamnu";"wX3/GL(oDfXZHd+@";"Cashier";"2020-11-08 00:00:00"
860;"ckinzettnv";"tF0#cFzCwsLy=f";"Admin";"2021-04-28 00:00:00"
861;"sdarrigonenw";"tD6.wE8O6n'";"Cashier";"2021-05-21 00:00:00"
862;"oniesingnx";"nD7#hb(9*";"Admin";"2021-07-17 00:00:00"
863;"cgoldupny";"xL4_aR=zrWj'4&,";"Cashier";"2020-04-26 00:00:00"
864;"schaveznz";"bG9""WHG+~.tW%|1""";"Admin";"2021-06-04 00:00:00"
865;"vwenbano0";"zV6>VA~>GQg<,E";"Admin";"2021-05-21 00:00:00"
866;"psebringo1";"cJ8.jIFTa{1}|Nt";"Admin";"2020-06-07 00:00:00"
867;"araggleso2";"tW8?+s2mIs";"Cashier";"2021-08-01 00:00:00"
868;"clammino3";"cO1%/vr_HjN/7}N8";"Admin";"2020-09-30 00:00:00"
869;"rmooreedo4";"mL5_aqjx5%XF{E";"Admin";"2021-03-10 00:00:00"
870;"pshovlaro5";"mY2@w*S3u<<U&)";"Cashier";"2020-09-28 00:00:00"
871;"omuroo6";"vC6'\W<#W";"Admin";"2021-06-26 00:00:00"
872;"kbarczewskio7";"cA1$hQd9nP,";"Cashier";"2021-08-23 00:00:00"
873;"areaveleyo8";"aK3/QN,u/Cd+)u""I""";"Admin";"2020-12-13 00:00:00"
874;"hbowderyo9";"qQ8,fgr)FNL,>PJ";"Admin";"2021-02-08 00:00:00"
875;"jbennedickoa";"qL9|}/JWL";"Cashier";"2020-07-23 00:00:00"
876;"nrickettob";"xF1'(>6_y\g";"Cashier";"2021-08-12 00:00:00"
877;"cgorbelloc";"xR9.dx9!p";"Cashier";"2020-08-02 00:00:00"
878;"beichod";"rT0'Zi+b%)6T";"Admin";"2020-10-04 00:00:00"
879;"ebramooe";"qW9#njRo{0BnT";"Cashier";"2021-08-18 00:00:00"
880;"hroskillyof";"pM7'e3~)0eV0";"Cashier";"2020-03-29 00:00:00"
881;"llippittog";"jR6'YLzM('QpRr";"Admin";"2021-01-27 00:00:00"
882;"jroblinoh";"rE7/P?#=JCPX9/";"Cashier";"2021-06-12 00:00:00"
883;"lsmallmanoi";"bM8#pskuu";"Admin";"2021-01-16 00:00:00"
884;"cbuddleoj";"oY8(ei20#g!";"Admin";"2021-10-22 00:00:00"
885;"dattewillok";"mN8||AX<";"Cashier";"2021-03-20 00:00:00"
886;"mredmoreol";"sU8\B_|G|Fe_";"Cashier";"2020-06-09 00:00:00"
887;"tmaghullom";"pD6/M2/Ki""""""I9k""";"Admin";"2021-05-29 00:00:00"
888;"rollivierreon";"wD0{@!2%%+Lq!&I";"Cashier";"2020-10-18 00:00:00"
889;"modoireidhoo";"tX4/\#j_frLU";"Cashier";"2020-09-18 00:00:00"
890;"echerryop";"jD2<{S7)|O)=I{";"Admin";"2021-08-04 00:00:00"
891;"clerwelloq";"dT7|<j03aXh0jQ?%";"Cashier";"2020-08-06 00:00:00"
892;"kbuzzaor";"dL1$D5v4/2";"Admin";"2020-08-22 00:00:00"
893;"wilottos";"bP3#e>0,eAXHd9JF";"Cashier";"2021-05-06 00:00:00"
894;"tmaileyot";"jL2#hg|qk0!uf";"Admin";"2020-03-13 00:00:00"
895;"rharteganou";"hO1)d""kfDeP&D0_""";"Cashier";"2020-03-28 00:00:00"
896;"mcoilov";"qG3.{,D/p";"Admin";"2021-03-15 00:00:00"
897;"acarikow";"fN1+D&.A";"Admin";"2021-10-12 00:00:00"
898;"vbarkesox";"iF1""%u$oy""";"Cashier";"2021-03-23 00:00:00"
899;"jyockleyoy";"wM5~m,30i!9";"Admin";"2021-02-25 00:00:00"
900;"bjansoz";"aI2<iN+JIBv.3%";"Cashier";"2021-01-20 00:00:00"
901;"wetterp0";"vV1/?}O=6WLN";"Admin";"2020-11-14 00:00:00"
902;"dnairnp1";"hE3@$v~x3_s";"Admin";"2020-09-24 00:00:00"
903;"otomkinp2";"oB1@hAJ\";"Cashier";"2020-11-23 00:00:00"
904;"sbrattp3";"tJ6}R%gkUg9u)I=";"Cashier";"2021-08-07 00:00:00"
905;"bmoxsomp4";"sO9_+insW9=k|";"Cashier";"2021-02-12 00:00:00"
906;"mvalancep5";"aS5,6PoZcI278";"Admin";"2021-03-04 00:00:00"
907;"mvossep6";"vL8(!wXN$";"Admin";"2021-07-03 00:00:00"
908;"sgreshamp7";"tS8>}*(nI!kM#G";"Cashier";"2021-02-26 00:00:00"
909;"lstephenp8";"iT7(3ffrR})O9l<";"Admin";"2021-09-29 00:00:00"
910;"spetrushkevichp9";"tW7~lPbjV";"Cashier";"2021-10-17 00:00:00"
911;"misakovitchpa";"zT8}M{SxkLK8";"Admin";"2021-03-21 00:00:00"
912;"gberanpb";"cR7""`&G7KDJz'""";"Cashier";"2020-12-02 00:00:00"
913;"mwonforpc";"eE9&0~l5Xb";"Cashier";"2020-10-21 00:00:00"
914;"ghughsonpd";"mS1}Ik~`.aVHrH1H";"Admin";"2021-06-05 00:00:00"
915;"bleamonpe";"cT0)sm(>sbl";"Admin";"2021-04-15 00:00:00"
916;"mvirgoepf";"aR3$mbdxJ!iF!";"Admin";"2020-11-22 00:00:00"
917;"cmuggachpg";"rH3{B+IvP";"Cashier";"2021-07-04 00:00:00"
918;"hraceph";"hY0~ks9jp";"Admin";"2021-01-31 00:00:00"
919;"csaypi";"zC6*w281\fk";"Cashier";"2020-12-06 00:00:00"
920;"amathelinpj";"gS4'{GM\Yy\";"Cashier";"2021-02-16 00:00:00"
921;"pcardozopk";"qF3<(0t+BBU";"Cashier";"2021-10-02 00:00:00"
922;"wthowpl";"vD6@aqIQ";"Cashier";"2020-10-03 00:00:00"
923;"hbamseypm";"eU8(cZ}QXwl""Tui""";"Cashier";"2021-06-04 00:00:00"
924;"novenellpn";"wL9'1{Qh,6r";"Cashier";"2020-12-31 00:00:00"
925;"pduddypo";"zR0?Xg|>_1?w>zu";"Admin";"2020-08-23 00:00:00"
926;"orubinowitzpp";"yE2_Sl)0oege<8@i";"Admin";"2020-03-15 00:00:00"
927;"mchaterspq";"mH1>gk+hWqoz3dU";"Admin";"2021-10-03 00:00:00"
928;"kwreifordpr";"yI6{7$j1";"Admin";"2021-01-20 00:00:00"
929;"sdockrellps";"nC4<6`b#C_q!/";"Cashier";"2021-06-26 00:00:00"
930;"ddohmerpt";"wS7!HWY=y.`U3";"Cashier";"2020-04-05 00:00:00"
931;"lwillcotpu";"aI3,xP{qK+U";"Cashier";"2021-02-01 00:00:00"
932;"ctunepv";"mJ0'd4Wdp/=6";"Admin";"2020-12-04 00:00:00"
933;"rwibberleypw";"xC6\%&`WovVW";"Admin";"2020-03-12 00:00:00"
934;"pduiguidpx";"nB4{?vXAM";"Cashier";"2020-08-26 00:00:00"
935;"tdominellipy";"kX2~5""we5E""";"Cashier";"2021-03-22 00:00:00"
936;"mmellingpz";"oF3)&$8imBYz5a@3";"Admin";"2020-05-22 00:00:00"
937;"tmcphateq0";"mL1,DKi`zQ2Ltf";"Cashier";"2020-03-30 00:00:00"
938;"cbembriggq1";"bK3&({(&N";"Admin";"2020-09-13 00:00:00"
939;"orenfrewq2";"nW2{gO'.+!h<O";"Cashier";"2020-08-29 00:00:00"
940;"osandercroftq3";"qA7`7/B}2+c";"Admin";"2021-01-07 00:00:00"
941;"smacphadenq4";"xC9<n,sJ#K";"Cashier";"2021-07-06 00:00:00"
942;"dcrociq5";"vF3)h)rjt8}\YEb";"Cashier";"2021-04-14 00:00:00"
943;"msoalq6";"jA8&0CViou1\7)@+";"Cashier";"2021-09-14 00:00:00"
944;"babrahmsonq7";"iC4`|3E/%7";"Cashier";"2020-10-01 00:00:00"
945;"gtomikq8";"bR6)w0AGNq";"Admin";"2021-04-30 00:00:00"
946;"cpetersq9";"fO6=9KB=J";"Cashier";"2020-05-19 00:00:00"
947;"bfranzeliniqa";"qK2<6de5`|5u*g";"Admin";"2020-08-13 00:00:00"
948;"rtoppinqb";"eY1_3Uk*cZU0o";"Cashier";"2021-07-27 00:00:00"
949;"kconboyqc";"lK4~_8OT8Tl/KfU";"Cashier";"2020-10-14 00:00:00"
950;"elittefairqd";"kI4'Q~{97jT37Tr";"Cashier";"2020-11-07 00:00:00"
951;"fsurplissqe";"zN9>16m/p";"Cashier";"2021-07-01 00:00:00"
952;"sbutterlyqf";"cT9=as8I{";"Cashier";"2021-04-12 00:00:00"
953;"cfruchterqg";"lF2=Ak\~m|p(";"Cashier";"2020-04-16 00:00:00"
954;"mcovellqh";"hP3,p0d\9D|";"Cashier";"2020-05-24 00:00:00"
955;"rgolbornqi";"iP3=d{yuzkJ";"Cashier";"2021-02-23 00:00:00"
956;"mbotemanqj";"rW9.&g""bEg1qE""";"Admin";"2020-07-29 00:00:00"
957;"covenellqk";"mD2}1""N.)+?EsL%""";"Admin";"2020-11-03 00:00:00"
958;"sbromfieldql";"wD9#Z7\Iom|xjCzu";"Cashier";"2020-06-30 00:00:00"
959;"rfugglesqm";"lF1~<xCf.""(*""";"Cashier";"2020-10-15 00:00:00"
960;"vrheadqn";"vI7\6#T{.h/h%Rw";"Cashier";"2021-05-08 00:00:00"
961;"vdavidofqo";"uM8$8BvGg,NfY";"Admin";"2021-03-22 00:00:00"
962;"kmacuraqp";"oF5<@RqT}";"Admin";"2021-03-09 00:00:00"
963;"rmcarteqq";"yX7}1(C$s1mQ";"Cashier";"2021-08-13 00:00:00"
964;"oogleyqr";"pR4_0Rcl!dG.q$O";"Cashier";"2020-08-11 00:00:00"
965;"emacaneqs";"xQ8}#G|G+yhXA%\+";"Cashier";"2021-04-10 00:00:00"
966;"fsilvestonqt";"bX8@I}yil&adlx";"Cashier";"2021-01-01 00:00:00"
967;"vlahrsqu";"mZ2({R}R5";"Cashier";"2021-10-05 00:00:00"
968;"coxshottqv";"oL2&iQuLE1}";"Admin";"2021-01-26 00:00:00"
969;"shundyqw";"sA1{Oqo\R";"Admin";"2020-11-23 00:00:00"
970;"kmeriguetqx";"kB6<*=6gb{";"Admin";"2021-04-14 00:00:00"
971;"alaverockqy";"pD3`iSoGE\6~X";"Cashier";"2020-12-27 00:00:00"
972;"omapledorumqz";"pO5=uW+FR<5M93/";"Admin";"2020-05-13 00:00:00"
973;"jtolladyr0";"tO9)\D~<}&o{zq&?";"Admin";"2020-05-19 00:00:00"
974;"joldacresr1";"uW4'3HnD2";"Cashier";"2020-07-03 00:00:00"
975;"jguicer2";"aP3\@=9`@Y5bZV";"Admin";"2021-07-01 00:00:00"
976;"alodger3";"rW7&BLlZ'{u`I}";"Admin";"2021-05-10 00:00:00"
977;"mmillarr4";"oA8""o/q&IL$$i_ua""";"Cashier";"2021-03-31 00:00:00"
978;"kdoncasterr5";"xF8/\s?G,UxLn";"Cashier";"2021-10-15 00:00:00"
979;"cackenheadr6";"zQ4/MZ#}(RWu";"Cashier";"2021-03-18 00:00:00"
980;"abodler7";"iJ3>d}Ub(ZK";"Cashier";"2021-10-11 00:00:00"
981;"rberthomer8";"dA6|BGtQ}x";"Admin";"2021-09-03 00:00:00"
982;"sdannr9";"oA7_ixy$@%T/Zi8";"Admin";"2020-03-22 00:00:00"
983;"nmeynellra";"fY0+/)Lf'qh\`X5j";"Admin";"2021-02-08 00:00:00"
984;"pboalrb";"vE2_cbWo,3@EMMy";"Cashier";"2021-04-23 00:00:00"
985;"ojinkinrc";"dE7=H\$3=)";"Cashier";"2020-12-23 00:00:00"
986;"dcraddockrd";"zJ4|V~D*}9`y)rU";"Admin";"2021-08-30 00:00:00"
987;"cspaciere";"tB0._+M6Ve8U=";"Cashier";"2020-03-24 00:00:00"
988;"cfotheringhamrf";"rI5*Gz{.!!2E*";"Cashier";"2020-05-19 00:00:00"
989;"cstephensrg";"uC7+d,?@Ro47U";"Admin";"2021-01-12 00:00:00"
990;"gmegsonrh";"uO4_(VoFOa";"Admin";"2020-10-31 00:00:00"
991;"sblythri";"cN2\YNvwU)A4M";"Cashier";"2020-09-23 00:00:00"
992;"avauserj";"wB3+r`skm'0cdo";"Cashier";"2021-03-25 00:00:00"
993;"rfuryrk";"nY8(QF\Y9wuoAZ";"Cashier";"2021-04-06 00:00:00"
994;"bemilienrl";"kI6?3NqH";"Cashier";"2021-05-12 00:00:00"
995;"nspranklingrm";"eU3%q\\H2PUQ";"Admin";"2021-02-26 00:00:00"
996;"dnewtownrn";"gL7?CT{q";"Cashier";"2020-07-13 00:00:00"
997;"magatero";"kC8}3WC*)F$<VX\";"Cashier";"2020-06-14 00:00:00"
998;"cjarleyrp";"bS2@oSkB*+{";"Admin";"2020-04-16 00:00:00"
999;"marnaudetrq";"xA5>V@gp3P";"Cashier";"2021-08-30 00:00:00"
1000;"fspiersrr";"pH2`<A@f.2nKfJE";"Cashier";"2021-09-17 00:00:00"
